,Unnamed: 0,name,gender,关注,粉丝,time,rating,text,useful
15,15,136****7825,female,0,0,2014/8/11,width:20%;,商业化太浓，遭遇无良商家，西江阿仰银楼客栈，为了赚高价不惜临时毁约，损害游客利益。,有用 （4）
53,53,_WeCh****232834,male,2,0,2018/7/26,width:20%;,西江千户苗寨真是让人极端失望的景点。人在这里连最基本的安全体验都非常差，演出场旁边就是路边就是一个篮球场，老人从旁边走。头后面被篮球砸到，摔倒在地，打球的人问都不问，该打球的还是打球。其中一个人还说你怎么证明是被我们球打的。篮球场旁边就是一个派出所，我们去了以后理都不理我们。篮球场有一个监控摄像头，我们要求看监控，结果说没有摄像头，我们说那不是吗，有说那个拍不到。我们又去找了景区咨询中心人员。还是比较好的，帮我们拿了一个座位和一杯水。打电话叫了村委。过了好一会才有所谓的负责人过来，话里话外都是说我们自找的，说你赶紧去其他地方了，不要站在这边万一又被砸了。还告诉我们说道歉是不可能的。说可以去医院检查，去了一个特别简单的诊所，就随便看了看说没事。我们要求对方道歉，这是最起码的吧，不小心撞住人了还要说声对不起。结果负责人就说不行。我们咨询了相关部门，说我们应该找派出所，结果我们回过头又问派出所的人，竟然说你把你的身份证名字写下来，随便找了一张纸，我写了以后。就说那就行了，后面怎么处理是我们的事。我说最起码你应该让打球的那几个人来和我们道歉。打球的几个人，我们拍下来了照片。有两个穿着橙色的球服，上面写了连城群众体育协会。其他还有几个人，我们被砸了以后，他们还继续笑嘻嘻的打球的。就在球场那边，警察就看着他们。让我们觉得太心寒了。我们急着赶飞机，老人说头还好，就走了。对景区的管理，和球场旁边派出所极端失望。就在我们去吃饭的时候，一个小朋友被车撞了。提醒后面去的朋友，千万要注意安全。想到就觉得心寒，最起码的道德都没有了。,有用 （1）
216,216,M27****303,male,0,0,2017/6/1,width:20%;,没啥可看的，9个里面最差景点，如果不够买联票，可以不去,有用 （2）
246,246,M35****575,male,0,0,2019/12/6,width:20%;,差评服务态度，现役军人不能进。,有用 （0）
348,348,E29****21,female,0,0,2016/10/8,width:20%;,"我们提前在携程上付款订好的，到剧场门口之后给携程打电话跟我们说没票了，然后说没办法，携程的那个对接人只能退我们钱，我们拿了钱自己去买票之后，比网上订的便宜20多元钱，携程让我们把多出来的还钱给他！！！我们不给，还骂我们，推我们！！！凭什么！！我们自己花钱买的票，剩的钱凭什么给他，而且我们之前网上订好了，到那没票我们还没找他理论呢。
不过，又见平遥很好看，被携程害惨了！！！各位慎重呀，我平时不写评论的，这次真的是气死了，才上来告诉各位的。",有用 （9）
350,350,M18****555,male,0,0,2017/11/26,width:20%;,首先，表演不错，为什么给差评，第一，因为有个什么电影节，平时七点的场改八点，结果八点没有开始，也没有人解释。那么多人排队，焦躁，还有很多小孩子很累很困，没有人管，直到快十点才开门。第二。场地大小就在那，无限制卖票吗？？大家人挤人，观看感受很不好。,有用 （8）
353,353,_WeCh****0000,male,0,0,2018/7/24,width:20%;,建议到售票中心购买，只贵十块钱。如果通过携程定，到了叫我等，说是给送到售票中心旁边的小树林，34度高温，太阳暴晒。然后又叫我找他取，说没空送票。顶着太阳暴晒到到他说的地方，电话打不通。又等十分钟。非常不爽！影响看节目心情！携程通过代理商订票的，各位看到千万别在这订票，一定要到售票中心买，省时！省心！方便！,有用 （7）
360,360,没理也有理,male,0,0,2018/2/20,width:20%;,携程携所谓的经销商价格欺诈，申诉后受到骚扰，已向12315举报,有用 （6）
372,372,M44****375,male,0,0,2019/6/9,width:20%;,我在携程网上订了三张门票，满怀期待的到了平遥，一个陌生的平遥电话打来，说我定的晚上7点有一个1100人的团，建议我把票换到下午四点，我同意了，过了几个小时这个电话又来了，告诉我一个古城内的晋泰生客栈取票，必须2点半之前取票，否则只能3点到剧场门口取票，无奈，我只能带着娃娃和腿脚有些不方便的妈妈，顶着中午的烈日，2点20赶到了这家客栈，进门就听到店家再跟另外一个顾客争论，顾客说什么没注意，店家一副我就这样你能把我怎么办的样子，我很反感，快速的取了票往剧场赶了。4点赶到剧场，检票的时候检票员告诉我有一张票是晚上9点的，只能进去两人。我再次无奈的给晋泰生客栈打电话告诉他们给错票了，店家很无赖的告诉我，我给你票的时候你自己不看清楚，那只能一位看晚上九点的剧了，我气的半死刚要争论两句，对方直接把电话挂了。我们剧院检票口站了将近20分钟，最后检票员跟客栈老板联系了才算解决问题让我们入场，这个时候已经开场将近半小时了。我只想知道，我在携程网上订的票怎么就会跑到这么无良的票贩子手中！本来很期待的一场大剧看的一肚子气，非常差的购票体验！！！！希望我的这次遭遇可以得到携程网以及景区的重视。,有用 （4）
373,373,M41****311,male,0,0,2019/4/6,width:20%;,演员都不错，就是剧里的那种突出男尊女卑，传宗接代等思想不太喜欢。尤其是最后还要特别强调一下,有用 （4）
398,398,等待,male,0,0,2019/1/21,width:20%;,特别烂！封建糟粕传播，很恶心啊,有用 （3）
401,401,索菲看世界,female,0,0,2018/10/1,width:20%;,携程买演出票很不靠谱，按照游戏规则买的高价票，黄牛明目张胆涨价，并且不按照约定出票，差点没有看成演出，心情坏到极点，去窗口临时买，工作人员两张面孔，一开始说没有，演出开始了又开始卖票放人，简直乱象重生。不知道是携程还是当地票务和黄牛串通一气，令人气氛。,有用 （3）
403,403,M25****004,female,0,0,2018/4/10,width:20%;,本人原来旅游都以携程为首选，但这次确实太让人失望了！一家四口在携程上定的4月6日晚21:00的演出门票，一大早携程管理人员来通电话说随后将取票人联系方式以短信方式发送，但一直未发短信，晚20点就开始联系管理人员都一直不通，直到演出即将开始都不知道从哪取票，4月的平遥天寒风大，竟让客户在偌大个广场吹着风自己找送票人员，人生地不熟，要是我没有凑巧碰到其他人员在领票我去哪拿票观演，提早在携程上订票就是想图个省心方便，没想到却整出了这么一出闹剧，太让人失望了！,有用 （3）
406,406,_U4****2555,male,0,0,2017/10/7,width:20%;,买了票因为堵在高速遗憾的没能看成，问了也不能改成别的时间，这个有点不人性化，因为是日常性演出，还是希望可以有退改签政策，以满足不时之需！,有用 （3）
409,409,300****183,female,0,0,2017/5/21,width:20%;,网上订票贵，大家去现场买吧！！,有用 （3）
411,411,M34****042,female,0,0,2017/2/4,width:20%;,演出很不错，给好评。给携程卖家差评，送票的人一问三不知，态度还极其恶劣，希望可以改进,有用 （3）
413,413,刚刚好,female,0,0,2016/11/3,width:20%;,差差差 不好 不好 不好差差差 不好 不好 不好差差差 不好 不好 不好差差差 不好 不好 不好,有用 （3）
447,447,笑笑虎牙,male,0,0,2017/8/16,width:20%;,建议不看，特别是带十三岁以下小孩的,有用 （2）
488,488,小跑儿,female,2,0,2016/10/1,width:20%;,本来想从携程订票，结果显示小南门，导游说和进场的西门还是北门距离太远，想打电话问没有电话，联系携程，没有办法也没有电话。最后从大众搜的一家有电话的，218 一张票，开始说给送票，后来交钱后就不给送了，当地其实那都有卖票的。根本没必要买，当地导游说也就160一张，印象不佳,有用 （2）
524,524,Adia,female,0,0,2019/9/17,width:20%;,反复确认之后还是给我定成了下午场，我朋友在另一个平台订的就没问题。最后买不到票只能把我朋友的票给退了 非常不合理！门口黄牛又298一张再卖掉。来回车票又花了40，真的一天的好心情都毁了,有用 （1）
525,525,M29****7863,female,0,0,2019/9/13,width:20%;,为什么上面显示没有学生票？**和朋友过来才知道有学生票，被坑了一百多!!!来的好兴致全没了!服了真的是!,有用 （1）
532,532,110****510,male,0,0,2019/8/18,width:20%;,每张票比票面价多60元，有点黑，听说平遥最近正在整顿这方面 ，5A景区估计会黄,有用 （1）
548,548,E15****97,male,0,0,2019/7/30,width:20%;,200多人为了一个人赴死，媳妇为了生个儿子就可以死而无憾，这观念在古代存在可以理解，现在还要拿出来宣传，觉得不可思议,有用 （1）
560,560,M31****451,male,1,0,2019/5/27,width:20%;,演出很好，售票的太差，景区小交通司机嫌弃在网上买票麻烦，取票点离剧场超级远10来公里说是1千米，跑去了才说可以送票到检票处，不完美的一次网上购票！！,有用 （1）
566,566,俭以养德小吴子,female,0,0,2019/3/28,width:20%;,到剧场门口被检票员支走到小南门取票，开回来打了三次车溜了一个够，剧场又能领票了，7点半才进的场，前面完全没看见，后面进入场景也快结束了，真的是非常失败的体验！花钱买罪受！对这次服务的极端不满意，建议大家淡季直接到平遥城里再买票，不要在网上买票。,有用 （1）
570,570,wgmgdjjgm,female,0,0,2019/3/16,width:20%;,携程网买票比在城里买的还贵，而且取票点还在城外，坑死人了，让共享一下位置都不愿意，光取票打车就花了好多钱  好坑 好坑,有用 （1）
574,574,M31****1421,female,0,0,2019/2/19,width:20%;,服务员态度太差，语气横的要死，外面冻死了,有用 （1）
580,580,蛋蛋-80,female,0,0,2019/1/2,width:20%;,不建议在携程上买票，剧院门口就没有自助取票机。非常麻烦，建议到古城内买，价位一样。,有用 （1）
585,585,王策,male,0,0,2018/10/7,width:20%;,官方价格是238，在这里我买的却是是388，买了三张，让服务员改签，拒绝，说我买的是套票，店家打着套票的幌子欺骗不熟悉平遥的生客，再次来平遥的朋友们不要在网上买票，请直接去售票处买票，很好买到的，不要相信网上的胡说八道，总之四个字：上当受骗,有用 （1）
586,586,_WeCh****92583,male,0,0,2018/9/23,width:20%;,开始演的跟鬼片一样。演员很棒，但是整体感觉就是护镖，镖回平遥了，二百多个镖师的魂也回平遥了。每一个活的。但是去了平遥还是旅游的老话，来都来了，去看看吧。不要期望太高就好。,有用 （1）
610,610,lizunbai,male,0,0,2018/6/21,width:20%;,不值得，简直尼玛受罪，上当了，人挤人，而且管理方故意让观众挤在狭小的空间里排队等。,有用 （1）
638,638,M19****589,male,0,0,2015/6/13,width:20%;,现在装修时间建议不要去，现在真心的只值10元门票钱！！！什么也没，就去拍拍两张照片！建议一年后或者两年后再来这个景点！！,有用 （8）
642,642,D25****151,male,0,0,2017/4/6,width:20%;,"就是一个大工地 啥都在修还卖票我也是醉了
",有用 （6）
647,647,_WeCh****509033,female,0,0,2018/3/14,width:20%;,身为宁夏人，我带朋友来，我觉得都丢我自己的脸，60块钱的门票也不知道怎么定价的，都对不起我从银川开车过来的过路费和汽油钱，我觉得如果没准备好，可以歇馆，临时展馆是什么破东西，照片拿出来讲讲还不如在家看手机，推荐去银川的南关清真寺，宁夏博物馆，真不推荐去，朋友圈看着很漂亮……失望透顶,有用 （4）
662,662,yshz,female,0,27,2017/8/23,width:20%;,被名字忽悠了，大老远的专程赶去，门口照张相还能唬人，结果什么都没有什么也不是，根本不值得去。,有用 （3）
670,670,M28****2808,female,0,0,2019/5/6,width:20%;,说实话体验真的很差，楼都破破烂烂的，路边音响还一直重复斥资多少多少，钱都被吃了吧感觉,有用 （2）
671,671,M23****9126,female,0,0,2018/8/14,width:20%;,交通不方便，主要是里面没有东西可看，还不如一个大点的公园！所谓的临时博物馆就是整理了一些图片资料，作为汉族人再也不会去了，也不推荐大家去！,有用 （2）
672,672,M22****5092,male,0,0,2018/7/21,width:20%;,有种上当叫不信邪。号称每个展馆有免费讲解，进门第一个馆，讲解员用最快的语速差不多半分钟介绍完了门口三张图，接着就进入购物厅……只有临时博物馆，墙上贴几张介绍就完了，免费讲解也终究未出现，然后又是购物……建筑美图我就不上了，评论里太多，而且毕竟来这儿的是想真正了解回民文化的。金顶大厅二层里的介绍，呵呵，不晓得是还没进灯箱还是刚拿出来，反正是醉了。如果是是在整修，就请整修完再对外开放，请对游客负责。,有用 （2）
674,674,M36****419,female,0,0,2018/4/23,width:20%;,坐了一个半小时的车才到，没几个人，一进门就说有免费讲解却带我们去让我们购物，差评。里面好多都关门。还收五十多的门票真的是有够坑的,有用 （2）
675,675,沈凌0德国波恩,male,20,1001,2018/2/13,width:20%;,无聊的景点。门票不菲，但是却没什么可以参观的内容。,有用 （2）
679,679,M54****840,male,0,0,2017/10/4,width:20%;,去了特别后悔。没有内容饮食也差，上来都是凉的，服务员说厨房到餐厅二百米所以送过来就凉了，客人傻是吗？文艺演出也水平一般。实在是不推荐去可惜我来回加门票的二百元钱和几个小时的时间了。对是没有内容的旅游景点。,有用 （2）
693,693,sum****666,male,0,0,2017/4/10,width:20%;,啥都没有，都不如在市里随便找个清真寺看看,有用 （2）
695,695,d21****08,male,0,0,2017/3/21,width:20%;,目前只有回族图片展，和清真寺开放，其余啥都没有，而且服务员散漫，奉劝不要再上当。,有用 （2）
727,727,ekleung,female,0,0,2019/5/3,width:20%;,真的很烂，没人管理，杂草丛生，楼也烂的，免费来都不会来看，真后悔花了30大洋来这里，所谓的蓝精灵也没有，还什么鬼一千零一夜。。。。,有用 （1）
743,743,Georgiana0,female,3,16,2017/7/6,width:20%;,除了金色大殿还值得看看，其它真是要什么没什么。还到处施工，不值得。,有用 （1）
744,744,118****613,male,0,0,2017/7/6,width:20%;,还没有建完，很多还在施工，票价这么贵，根本不值得去。,有用 （1）
752,752,M47****567,male,0,0,2016/11/4,width:20%;,太不值，门票还要六十元，里面建筑有三分之二都建，纯骗钱。太没意思，建议都不要上当受骗，完全是用门票的收入修建，下辈子都不会去。,有用 （1）
765,765,am****a,female,0,0,2015/5/5,width:20%;,来银川的朋友不要来这个地方，门票60真不值得一去，非常不值得，去了非常后悔,有用 （1）
833,833,_WeCh****15865,female,0,0,2018/6/15,width:20%;,千万别去四方街中河路的那家青梅竹酒！女店员素质极差！体验极差！最烂的旅行体验都是拜她所赐！以后绝对绝对绝对不会再来束河了。,有用 （1）
853,853,M47****590,male,0,0,2020/1/17,width:20%;,跑老大远过来，进古镇竟然要收门票30一人！！！去过那么多古镇，收费古镇这是第一个！！！不推荐！！,有用 （0）
1024,1024,齐烟九点的家园,male,2,0,2017/3/11,width:20%;,不值得去，破旧感！假的东西太多（比如老树）80岁老人免票，太不尊重老人了！,有用 （4）
1025,1025,151****1622,female,0,0,2016/10/20,width:20%;,售票处标价门票90一张，携程买75。整个北园就只有N个人工修剪的茅草屋，其余基本啥也没有，到处都有建筑垃圾，施工未完成的迹象。注意，是施工遗留，不是正在施工。就是别指望过段时间就完事了有人清理。是感觉已经那样很久很久了没人理的样子。门口检票人员态度非常恶劣，我去网上买个票，她就冷嘲热讽，嫌我买的时间长，两位老人进门在门口空地等候，检票员就一副我买不起票，老人硬闯的架势，恶劣，太恶劣了。非常生气！坚决不建议去的破地方。,有用 （4）
1040,1040,_WeCh****505168,female,0,0,2019/5/14,width:20%;,门票很贵，不值得，里面没有维护，都是旅行社带着团去玩，很多景点都破旧不堪，没有维护,有用 （2）
1041,1041,易清宁,male,2,0,2019/5/4,width:20%;,比较失望。里面太过于简陋了，对不起60块的门票。就满族观稍微好点。我就是满族的。还行吧，里面太大了。,有用 （2）
1042,1042,e28****54,female,0,0,2018/9/27,width:20%;,真不怎么样，没有特点，票价还很贵！,有用 （2）
1047,1047,137****2770,male,10,2,2018/3/27,width:20%;,门票价格和内容完全不成正比，坑,有用 （2）
1048,1048,M26****3709,female,0,0,2018/3/26,width:20%;,跟本没必要浪费时间去，园区内还有卖药的，太无语了,有用 （2）
1269,1269,M40****917,female,0,0,2016/8/1,width:20%;,除来进景点那个山洞有点特色外，其它几乎一无是外，而且进来是小船穿很长山洞进的，船很小，全程没有灯光，甚至没有救生衣穿，安全隐患非常严重。住宿条件也很差，景点民俗风情完全看不到，只看到为了经济利益的过度开发，所有相关的美好传说都言过其实。,有用 （13）
1275,1275,_BAID****40153,male,0,0,2017/5/15,width:20%;,坝美村！脏、乱、差、臭、讹咋从停车费开始到出景区到9公里外的停车场结束。一个不值得去的地方！看了不实攻略刚刚体验出来！穷乡僻壤刁民！地方官绝对是个不务正业的主儿！,有用 （10）
1277,1277,将布拉特,male,0,0,2014/6/18,width:20%;,五年前去过，后悔极啦！村庄很小，到处盖房，一点点稻田，天荒地老。所谓的世外桃源，言过其实！满脚泥土，回到广南世外桃源酒店就洗澡，第二天退房时酒店要我赔18元，因为白毛巾让我洗黄了。哈哈！,有用 （10）
1281,1281,186****1711,female,0,0,2014/8/10,width:20%;,到处都在大兴土木，很煞风景。居民太商业，丧失了淳朴！景色还不错，静谧的田园风光。溶洞神秘，新奇，刺激,有用 （9）
1283,1283,_CFT01****0427918,female,0,0,2017/10/6,width:20%;,差差差评我想说一万个差，门口乱收停车费，第一个溶洞坐船连个灯都没有小孩子都吓哭了，而且船夫态度恶劣，环境不错就是村子里的楼房大煞风景，出口离停车场太远还得自己打黑车回停车场。去了一次在也不想来的地方,有用 （8）
1290,1290,这里是远方的家,male,0,0,2018/3/22,width:20%;,"坝美，没去过想去，去过后悔！与湖南等地的村庄景色大同小异，只是进村要乘船穿水洞特别而已。坐马车一路上臭哄哄，染色的五彩米，小黄豆10元一斤。
景区管理无序，划船人撑船到岸，竟撞到水坝柱子上，危险，也不道歉，然后让游客帮忙，听不懂说什么，结果张口骂游客，真是无德蛮横！",有用 （6）
1297,1297,m00****28,male,0,0,2018/3/1,width:20%;,停车40元一天，出口处无车辆衔接到停车场（相距6公里），只有黑车10元/人。80元门票不值一游。,有用 （5）
1298,1298,_CFT01****9212684,female,1,0,2017/10/4,width:20%;,这里除了坐船，马车有点意思外，其他的景点大失所望，景区毫无规划。进出口停车收费乱像，景区管理混乱，从进口坐车到出口，讲好的每人10元，5岁小孩不收费，结果下车立马变了，给了100只找补50（四大一小，小的5岁），话还没说完开车就跑了，诚信在哪里？地方官员绝对是不干事的主,有用 （5）
1303,1303,_CFT01****6798560,female,0,0,2014/11/10,width:20%;,大家可以想象在坝美可以看到汽车，摩托车，拖拉机，会是是世外桃源吗？到处大兴土木.早已经失去了原生态之美，希望大家千万不要上当。本人是自驾游进入坝美后心情非常失落，见到汽车.摩托车.拖拉机，如有说谎就“天打雷劈”我把！,有用 （5）
1305,1305,300****316,male,0,0,2018/8/19,width:20%;,由于连降大雨，导致景区无法对景区参观。使很多游客到了景区无法游玩，缺乏对游客的提醒，就是距离景区30公里处才发现路边有提示牌。导致很多游客白白辛苦，只能在外面拍张照片，坐马车返回！当地旅游局部门为啥不及时给游客一些提示。,有用 （4）
1313,1313,M41****594,male,0,0,2016/8/9,width:20%;,民风剽悍，景区管理混乱！坐马车收了两次费用，车夫还理直气壮！！！差评！！！不要再来了,有用 （4）
1335,1335,微笑,female,0,0,2018/10/15,width:20%;,只能说非常垃圾，都拍不出好看的照片，连像样的路都没有，脏乱差，哎，很不好的体验，除了那棵大树，真的没有任何看点，去了就俩字，后悔，水浑浊的不像样子，跟黄河似的，说原生态吧，路边全是卖东西的，坐马车态度差的不得了，非常不推荐你们来，个人感受，仅供参考，这个景区真的10块我都不想来，还好意思3A？,有用 （2）
1337,1337,M43****153,female,0,0,2018/7/31,width:20%;,坝美景区的管理者太不负责任了，景区都封闭一周了，也没有在网络上或者是必经之路提示游客，让好多游客长途跋涉到景点扫兴而归！,有用 （2）
1372,1372,M16****647,female,0,0,2015/8/9,width:20%;,整个一个乱，停车场坑坑洼洼谁都可以收费50停一个车，景点进出天气原因不确定就不说了，居然是利息导致里面村民堵路，感觉点都不纯朴再没了游玩的心情，打道回府。再也不打算去了,有用 （2）
1375,1375,新店区刘备,female,0,0,2014/8/7,width:20%;,"从进入坝美后门，从停车厂开始感觉管理混乱,遍地垃圾，进入景点除了赶趟坐船、坐马车一路没有太多美景可观，加上排队等船、等马车就一个半小时能全程游完坝美，从正门出来还必须每人花十元钱坐面的到后门去取车，到后门停车厂取车马上会有人上来收费二十元，大伙觉得再为了赚钱也不能这样收费，一百元的门票也要有所提升内涵也才会有回头率的!!!",有用 （2）
1388,1388,M26****9230,female,0,0,2019/1/30,width:20%;,进入景区，停车费强制征收80元，非常坑爹！黑社会一样，必须交！5a景区也没见过这么强制收费的！痛宰游客！,有用 （1）
1389,1389,M11****316,female,0,0,2019/1/29,width:20%;,除了洞口有特色，其他没有任何特色，脏乱差，民风差，景点路线很坑人，出口离入口8公里，出口处都是黑中巴，乱叫价,有用 （1）
1395,1395,118****624,male,1,0,2018/11/6,width:20%;,最大的感受就是空气呛鼻子！空气质量太差太差！到处都是暴土扬尘的！,有用 （1）
1397,1397,海心,female,0,0,2018/8/13,width:20%;,很差  居然给用不成的打过孔的票  太崴了  大家要小心,有用 （1）
1401,1401,艳价,female,2,0,2018/5/10,width:20%;,差，现实与传说相差甚远，没什么看，而且脏！,有用 （1）
1426,1426,_CFT01****3888631,female,0,0,2016/10/5,width:20%;,不说遗憾，本来自然的中间人为的修了一大片，榕树周围的房子修得太丑，杀风景,有用 （1）
1438,1438,_WeCh****90182,male,0,0,2014/10/2,width:20%;,历经千辛万苦不远千里之遥来这里，结果很失望，没有了原生态的东西，景点缺少规划，望抓紧改正一下,有用 （1）
1469,1469,很傻很天真,male,9,0,2019/3/10,width:20%;,门票费，地方小，脏乱差，半小时就游完了，千万别来。,有用 （0）
1475,1475,_WeCh****10138,male,0,0,2019/2/27,width:20%;,服务中心人员性质恶劣无法沟通 没有人理你 在园里足足等了一个多小时,有用 （0）
1550,1550,M27****653,male,0,0,2016/7/18,width:20%;,进了购票处进去上去停车场附近有个雅士宾馆，一家当地人开的，前面是饭店，后面是住宿，在他家住了一天，第二天坐车回市里，走的时候竟然不给退押金，非说当时有别人来看房因为我们没早退房房间不够没住成，让我们把那些人的房费也掏了，一家人的流氓嘴脸都露出来了，赚钱不要脸，大家好好的心情来玩不要来这个黑店给自己添堵。,有用 （342）
1576,1576,M24****7349,female,1,0,2018/4/17,width:20%;,坑人地方。别去。 人极少。还他妈收停车费。垃圾。,有用 （6）
1634,1634,_WeCh****838880,male,0,0,2017/10/5,width:20%;,不怎么样？？？？？？？？？？？？？？？？？？？？？？？,有用 （1）
1714,1714,陌生状态,male,0,0,2015/6/7,width:20%;,超级垃圾的景区，门票50一个人，景区内遍布牛粪完全弥漫在那股乡土的气息中，走过很多地方旅游，第一次到这种垃圾景区，而且去美人谷必须从这里过，过路也要50元一个人，丹巴美人谷也是奇葩，比甲居藏寨还差无数倍………奉劝大家千万不要来………,有用 （15）
1756,1756,虫虫^_^》1～…$&,male,0,0,2019/8/15,width:20%;,车到游客中心，铜臭味十足，气味浓郁。50门票，35观光车，其实十分钟车程。但告知：你在上面住吗？住就可以开车上，不用坐车。,有用 （3）
1758,1758,幻影蝶舞,male,0,0,2019/4/10,width:20%;,谁说免费的我刚从那里回来一个人要50元,有用 （3）
1761,1761,_CFT01****3250324,female,0,0,2018/10/1,width:20%;,差差差，还要50门票！！！！！,有用 （2）
1782,1782,_CFT01****6440407,female,0,0,2014/10/17,width:20%;,由于丹巴到青川的路断了、我们必须要从甲居过去，天都快黑了，甲居藏寨收了我们每个人30元的过路费！本来风景迷人，但给我的感觉是：此山是我开，要从此路过留下买路钱！给抢劫有何区别？哎……,有用 （2）
1794,1794,M30****6702,female,0,0,2019/7/24,width:20%;,极度不推荐甲居藏寨打卡，从7.20自驾车不能进入，只能走马观花，没有看头，对不起这个85元（门票50十观光车35）,有用 （1）
1807,1807,这个家伙太懒,male,0,0,2015/11/2,width:20%;,不要玩，不好玩，门票50一人，景色一般，没有什么可以看的,有用 （1）
1847,1847,强尼周章,male,1,0,2019/12/4,width:20%;,门票，观光车，根本就没有价值。丹巴到处是这样的寨子。,有用 （0）
1891,1891,花猪之王,female,0,0,2019/8/14,width:20%;,只有走马观花地看看，停靠的三个点没有什么看头，去了一个民居一人什么都不干就要十块钱，只适合拍拍照片，并且过度商业化，没有可娱乐的东西,有用 （0）
2271,2271,yo****e,male,1,88,2019/1/27,width:20%;,很差的体验，卖票的人员非常糟糕。之前听宾馆的人说黄石寨封路了，不推荐去。后来携程上看到有索道卖票的咨询电话**************打电话过去咨询，说没有封，可以正常游览。于是买了往返票，还大老远打车过来。索道上去以后才发现，因为维修，60%以上的道路都被封闭了！很多地方都没法玩！再打电话给卖索道票的，一开始不承认，后来又说他们只是做**的，不做**，各种推脱。**客户！体验很差！,有用 （0）
2284,2284,Carol是蟹,female,0,0,2018/11/30,width:20%;,差评，黄石寨闭修，上去后才知道，索道也不通知，说索道景点分开，上去后走了4个点就无法走，是整个景点的1/4。一肚子气，索道封闭还不打折，坑游客。,有用 （0）
2292,2292,M22****075,male,0,0,2018/9/29,width:20%;,下雨，啥也看不到，出游一定看天气哦,有用 （0）
2574,2574,M28****4391,female,0,0,2019/7/29,width:20%;,这个寨子远看还不错，近看特别小，而且寨子里基本上没有什么避暑的地方，如果你不带伞或者不带帽子，简直就是要中暑，所以去建议要做好充分的避暑准备，不然热得死人。寨子的巷子特别小，人又多，全部挤在一起一点都不好玩。当地导游服务态度差，道德素养差，根本就没有职业道德，特别是我们团那个龙导，就拉着我们购物，在那个银店里也不出来。寨子里的排水系统处理不完善，很多臭水沟，厕所里也是很脏。什么长龙宴就是盗版的，每个桌子上的是一样的菜，根本就没有那种大型的好。更加差评的是游玩了40分钟(根本没有什么好看的)，把我们拉到一个屋子里喝茶，推销她们的银器和茶叶又花了40分钟，到银店去购物又花了40分钟。导游说苗族人最恨骗子小偷，一屋子那么多银器难道都是纯手工打造吗？打造一个银壶就要花手工精湛的师傅三个月的时间。请问这样做她们的良心不会痛吗？这样做不违背她们的信仰吗？看他们自己就是骗子，建议大家不要去，差评差评。,有用 （19）
2578,2578,Jessigz,female,28,161,2019/6/1,width:20%;,可以的话给零分！根本不是景点只是购物点，一团团人坐在一个个小屋里听导游介绍各种商品。整个苗寨没有任何规划可言，新旧楼房混在一起。要是写明是购物点给人的感受会好很多。没有期望就没有失望。,有用 （8）
2603,2603,M40****266,male,0,0,2019/1/26,width:20%;,"没什么可看的，很多都是在建的木屋
上去台阶就有苗族服装的女子在路两边拦着一定要拍照，照片打印出来在门口放着，没人要的就随意放在地方
进去一个当地人的房子里喝茶卖茶叶，讲废话讲了半个多小时
然后去银饰店让你购物",有用 （2）
2626,2626,M24****0686,female,0,0,2019/12/11,width:20%;,大家真的不要来了 不要再上当受骗了 完全是一个购物景点 各种忽悠 建议大家到了凤凰后做景区大巴时 千万在车上别要报团 还有大型的演出也别看 整个就是大型卖画市场 总之 这是一次极其极其差的体验,有用 （0）
2627,2627,M31****8725,female,0,0,2019/12/9,width:20%;,进来前觉得景色不错，进来后发现这就是个购物点，就当交智商税了。,有用 （0）
2628,2628,yz****20,male,2,0,2019/11/2,width:20%;,"怀着激动的心到了此苗寨，开始感觉还是不错的，可惜越往后走越糟糕，简直就是一个典型的购物点，先给大家洗脑，说他们苗寨的银子和茶叶如何如何好，然后再把我们带到一个空荡的房子里品茶，然后是卖茶，然后就看见卖茶的给当地的导游分钱。出来后直接把我们放到一个卖银器的地方，一放就是一个小时。这个寨子老房子很少，大部分都是新盖的。此次出行最差的一个景点。
【性价比】",有用 （0）
2692,2692,要求不変,female,0,0,2016/9/10,width:20%;,快到达时……路给封了……进不去……,有用 （15）
2700,2700,M52****142,male,0,0,2018/10/3,width:20%;,特地跑来看，你告诉我是三四间院子～～一个吃饭的地方，一个收门票的展览，加一个没啥特色的广场，以及一个停车场？坑爹呢？？？？给一星，就给石头沙子停车场！！！！连指示牌啥的都看不到，往里头山上也没啥景观～～～不知道这种地方怎么变景区的？外地人表示，，过来一脸懵～～～你们艺术，为所谓艺术买单，，我是艺术不起来～～～,有用 （9）
2703,2703,_WB2****6196,female,0,0,2018/8/2,width:20%;,这根本不能算是个景点……真的是坑死了 走了好多路进来  要啥啥没有  很不起眼的一块小破牌子  上去一看  人家村里人正摆着几桌吃饭呢 一脸诧异的看着我们 真的是很差的体验了,有用 （8）
2730,2730,孤1982,male,0,0,2016/2/12,width:20%;,地点偏僻，而且什么都没有！就二三十米的一条巷子！不是很蛋疼的人不建议去玩！,有用 （1）
2767,2767,道长哥哥,male,0,0,2017/1/5,width:20%;,不咋的，脏乱差基本都全了，听说已经被摘星了。可以上网络上查询。晚上连牌子都成月亮弓了，都已经很长时间了一直没有人管。门口也基本上荒废了都～～～,有用 （0）
2841,2841,柳浪仙子,female,2,948,2012/4/27,width:20%;,"我才去了周庄,实在没什么好去,人多的我差点从桥上要掉下来了.
已经没什么古镇的味道,那里的人不但是经济型而且有点奸商型了,有个游客买了小罐装的什么花茶,结果一打开只有上面一层是,下全面是茶叶冒充的,对方阵阵有词说她们那都这样的.
去吃饭店,楼下写的菜单跟坐下来点菜的根本是二个码.太不值了.景区相对贵点也应当,但是搞的游客像白痴一样处处要被斩也太糟了,况且这里哪还有什么古镇的味道.
每条街都有人家在大肆的装修,油漆味真是一路没少闻.一派乱糟糟的,景区本身也不大,实在没什么价值.
上海周边还是杭州好,风景好,管理也到位,饭店也正规.",有用 （2）
3202,3202,E14****96,male,0,0,2019/6/8,width:20%;,"我有给差评的理由！
今天下午31号船的这位阿姨，唱完歌后我们准备给她小费。阿姨却说一首歌10元，她一共唱了8首歌，给我们优惠点50元。我们提出小费太贵了，事先她也没说明清楚，更不是我们要求她唱这么多首。可是阿姨说这里都是这样。考虑到孩子在，旅行的心情重要，我们还是给了。下船询问后才知道，小费这东西10元20元看心情，远不用50元这么多。好好的景区，越来越商业化不说，吃像难看，坑游客，管理混乱。不会再来了。",有用 （12）
3216,3216,_M15****4090,male,0,0,2016/1/2,width:20%;,妈妈的，进门不要票，把你放进来，出门要票，傻眼了，这样明摆着宰人。垃圾景区,有用 （8）
3231,3231,_CFT01****3205149,female,0,0,2016/10/1,width:20%;,没什么值得去的地方，比周庄还没意思,有用 （6）
3241,3241,136****7278,male,0,1,2018/4/4,width:20%;,取票很方便就在门口售票处，坐船的人不多，也不用排队就直接上船了，上了船船工就开始乞讨式的强制服务，说讨杯茶钱，唱了2个歌，强行讨要了20块钱，这点很煞风景！希望管理部门加强管理！,有用 （5）
3251,3251,e01****90,female,2,31,2014/4/24,width:20%;,管理太差！不知道到底用不用买门票，我们从正门进，非让我们买门票，即便说了不逛里边的景点还是要买门票，等买了门票进去，老乡都说不用买门票！而且走到老镇的边门也都没有要票的！连收费亭都没开门！感觉就是骗老实人！投诉电话一直没人接！,有用 （5）
3308,3308,小米锅巴,male,1,0,2016/2/14,width:20%;,去了以后感觉被坑了，水很脏，景区很小，过节很多商家都关门了，天气潮湿，石板路很滑，除了桥就没啥了，不会有再来的想法。,有用 （3）
3317,3317,chenwei925,female,0,1,2006/10/23,width:20%;,"苍蝇太多,河水太脏,如果要做一流的旅游景区,环境治理是第一位的.还有,厕所的干净与否也非常的重要.",有用 （3）
3325,3325,200****973,male,0,0,2019/4/12,width:20%;,没啥好看的，千万不要上当。进古镇不用买票的！,有用 （2）
3328,3328,饼干0207,female,0,0,2019/3/3,width:20%;,根本不需要买票，没人检票，坑爹啊：巨坑。。大坑。。,有用 （2）
3348,3348,达爷,male,0,0,2018/1/30,width:20%;,MMP，买了票就没见到有检票的！！根本不用门票就能进。坑爹。,有用 （2）
3378,3378,猎豹,male,0,0,2017/6/6,width:20%;,其实不用买门票。浪费了75元钱,有用 （2）
3382,3382,PonYo,female,0,0,2017/5/30,width:20%;,原来不需要门票啊，感觉宰一个是一个,有用 （2）
3473,3473,M43****117,male,0,0,2019/6/12,width:20%;,根本没必要买门票，古镇本身是免费的，那些所谓的参观项目，真的。。。不看也罢,有用 （1）
3504,3504,zhouyq407,male,0,0,2018/9/3,width:20%;,那里面的景点，没啥可看的，不建议购买,有用 （1）
3512,3512,170****158,male,0,0,2018/7/25,width:20%;,曾经游览过小镇，但多年后的重游，商业气越发的浓重，少了一份古朴的人气，看来古镇通病,有用 （1）
3521,3521,M14****121,female,0,0,2018/4/8,width:20%;,周末带爸妈周边游，史上最无聊景点，毫无可玩性，可能还在建造的关系吧，哎实在是不好玩。停车的指引也不是很清晰，古镇内容千篇一律，几乎都是收费项目，而且也没有什么卖点，在造的部分看起来还不错，但是不想再去了,有用 （1）
3539,3539,112****189,female,0,0,2017/10/8,width:20%;,建议下次不要购买，里面的景区免费，可以不去这些收费点。,有用 （1）
3566,3566,M45****563,male,0,0,2017/1/2,width:20%;,原来进大门不收门票的，现在要收65元，门口保安说全天都收门票，其实是谎言，四点多也就没人管，随便进了。其实还有其他的入口，未见有人值守，游客随便出入。而且，随便弄几样东西，就敢号称博物馆之乡。不知谁封的？这些都属搭配销售，未免有欺诈之嫌。船娘竟然唱起甜蜜蜜、小城故事之类的歌曲，这不是什么水乡小调吧。糊弄吃瓜群众啊。总之，规模小，风景一般，不值得一去，尤其去过其他水乡的。外湖还可以，好在外面就能看到了，没被圈起来当摇钱树。,有用 （1）
3719,3719,M12****792,male,0,0,2019/10/3,width:20%;,强烈建议不要买  无任何可玩性 无实质内容   性价比太低 本身古镇也不大  走走就好 夜景也一般,有用 （0）
3722,3722,M23****1900,female,0,0,2019/10/2,width:20%;,买了就是上当，自由出入的古镇，什么子景点门票，完全就是骗人的,有用 （0）
3745,3745,吸米,male,1,0,2019/9/14,width:20%;,垃圾，上当受骗了！根本不用什么门票。***,有用 （0）
3765,3765,小胖纸,male,0,0,2019/8/19,width:20%;,根本不值得，如果可以不买票进去绝对不会买,有用 （0）
3809,3809,liz****arsq,female,0,0,2019/7/7,width:20%;,一点用也没有的门票！简直就是骗钱！欺骗消费者！,有用 （0）
3910,3910,203****301,male,0,0,2019/2/17,width:20%;,没有必要买，不应该买，应事先提醒。,有用 （0）
4080,4080,chen****min,female,0,0,2019/7/5,width:20%;,真是不值得一来，没什么内容，大而空，都是后来要做景区的政府建设行为，去过乔家大院，马家大院，牟氏庄园等等其他各省市的地主庄园后，再来看这个，简直是在浪费我的时间，不建议前来,有用 （1）
4084,4084,M32****030,male,0,0,2019/5/2,width:20%;,没有什么特别的感觉，就像逛公园一样。,有用 （1）
4089,4089,M25****0198,female,0,0,2018/7/25,width:20%;,太小了里面，门票还贵。转了半个小时,有用 （1）
4401,4401,tvbc,male,0,0,2018/8/14,width:20%;,喜欢看差评的朋友们，你们有福了，首先携程买的成人电子门票必须两小时后生效，但是携程买的儿童电子门票确是立刻生效，导致儿童先进去，家长进不去，要等两小时才能进去。伏尔加庄园的老板和员工丧尽天良啊，怎么能让孩子孤零零先进去，家长不让进去，为啥成人门票不能立刻生效，要是旅游旺季，人员爆满，我们能理解，但是稀稀拉拉的被托骗来的游客，没什么人玩，为啥要等两小时，后来才明白，工作人员说你把网上买的票退了，去窗口买啊，才贵五六十，谁让你们你们图便宜，再说了，两小时后生效也不是我们定的，是携程定的规矩，你找携程投诉去。这工作人员，一副农村暴发户的嘴脸。里面游玩倒是还凑合，白瞎这风景了，中午吃饭，刷卡成功了不打印小票，让我们交现金，说要是刷上了回头给你退，要是不给退，我还能千里迢迢来找你啊，百八的饭钱不够来的路费。说到饭，太恐怖了，中餐自助餐，全是难吃的次品，有些还变质了，穷疯了的地方，挣景点的黑心钱，大家可以理解，但是劣质的食物回把人吃坏的。最后孩子只吃了玉米粒充饥。本来打算这里住，吓得我们赶紧早早逃跑了。伏尔加庄园的管理者，要是能看到，希望你们核实下，我说的要是有任何不实，你们不得好si。来之前我看了几条差评，没相信，算我活该。！,有用 （135）
4402,4402,tvbc,male,0,0,2018/8/14,width:20%;,"喜欢看差评的朋友们，你们有福了，首先携程买的成人电子门票必须两小时后生效，但是携程买的儿童电子门票确是立刻生效，导致儿童先进去，家长进不去，要等两小时才能进去。伏尔加庄园的老板和员工丧尽天良啊，怎么能让孩子孤零零先进去，家长不让进去，为啥成人门票不能立刻生效，要是旅游旺季，人员爆满，我们能理解，但是稀稀拉拉的被托骗来的游客，没什么人玩，为啥要等两小时，后来才明白，工作人员说你把网上买的票退了，去窗口买啊，才贵五六十，谁让你们你们图便宜，再说了，两小时后生效也不是我们定的，是携程定的规矩，你找携程投诉去。这工作人员，一副农村暴发户的嘴脸。里面游玩倒是还凑合，白瞎这风景了，中午吃饭，刷卡成功了不打印小票，让我们交现金，说要是刷上了回头给你退，要是不给退，我还能千里迢迢来找你啊，百八的饭钱不够来的路费。说到饭，太恐怖了，中餐自助餐，全是难吃的次品，有些还变质了，穷疯了的地方，挣景点的黑心钱，大家可以理解，但是劣质的食物回把人吃坏的。最后孩子只吃了玉米粒充饥。本来打算这里住，吓得我们赶紧早早逃跑了。伏尔加庄园的管理者，要是能看到，希望你们核实下，我说的要是有任何不实，你们不得好si。来之前我看了几条差评，没相信，算我活该。！ 
出来旅行最重要的是风景还是美食还是服务还是安全，哪个都重要吧，少了哪个都要毁掉兴致。来伏尔加庄园的要做好挨宰的思想准备，还有恐怖的安全问题，还有孩子进园区家长票要两小时后生效的奇葩规定。这些规矩说明伏尔加的管理团队，长得不是人脑，一切为了利益，不择手段，竟在饮食里面偷工减料以次充好，和黑心疫苗厂有啥两样呢，恭喜伏尔加庄园要成为第二个雪乡了。不过，家门口上当比去外地上当强，毕竟身边朋友多，都知道这个地方，号召所有的亲戚朋友一起发朋友圈来赞美伏尔加庄园为消灭中国低端人口做贡献，
https://m.ctrip.com/webapp/you/comment/detail/91334/11/156141692.html?openapp=5&sharedItem=1",有用 （130）
4430,4430,放飞心情tn,female,0,0,2016/7/18,width:20%;,太差劲了，不好，不要去，是看了评论说好才去的，现在怀疑好评都是他们自己刷的！完全是坑爹！票价还那么贵？太不值，大老远跑去后悔死了！,有用 （16）
4437,4437,keentse,male,2,0,2016/4/5,width:20%;,除了旺季，其他月份去是沒意思，几乎全都关閉，保安說開放只正確一半，雖說五十元票价，可是一片爛地、四周維修，还讓人进去，不如先閉館等外边的人知道。,有用 （12）
4460,4460,M46****861,male,0,0,2018/2/12,width:20%;,滑雪教练素质很差，行为恶心，去滑雪的女生小心,有用 （6）
4471,4471,_CFT01****0159542,female,0,0,2017/1/6,width:20%;,没有开水提供，需要买热饮，所有东西都需要收费，而且贵，教练跟着你就想让你课程，没有性价比可言，差,有用 （5）
4476,4476,云芊,female,0,0,2018/8/12,width:20%;,"景点一般吧，没有想象中的美
主要是取票的过程比较奇葩
开始说是短信验证码换票
后来突然又变成一个人在那边等我
我以为会给我票
没想到把我们领到门口跟保安打了声招呼就放我们进去了
什么票都没有，一看就是私放进去的
后面坐船的时候同船的人说去品酒需要门票
于是问了携程客服为什么取票过程如此不正规
预订的机构联系我说什么门口的导游忘记给我了
说我到了酒庄给她打电话
到了品酒的地方给预订方打了电话
那个工作人员也不是很情愿的给了我品酒券
也证实了确实门口带我进去的导游是违规带我进去的
因为那个导游说第二天给工作人员补品酒券的钱
整个景点如此不正规
实在感慨东北的旅游业的前景是否明朗",有用 （4）
4478,4478,卡莫日诺阿黛儿,male,0,0,2018/6/17,width:20%;,超级差，千万别去，特别是金环西餐厅，我特么以为是自助呢，原来是套餐，根本不够吃，又点了一百块的东西，还是没够吃，怎么携程联合这地方骗人了吗？,有用 （4）
4493,4493,晨晨滴答,male,0,0,2017/5/1,width:20%;,差评差评，昨天来的，来之前没短信通知我班车的事，今天回去时才发短信通知班车的发车时间跟地点。而且，明明是昨天没给我回来的票，非要说给我我自己丢了。要是给我票告诉我往返的话我能再把返程票也一起定了吗？退票还收退票费，真是郁闷。此行最不满意的就是班车，班车，班车！！！,有用 （4）
4512,4512,M27****036,male,0,0,2019/1/7,width:20%;,莫名其妙显示已使用，还不让我退款。我定的是12.28的票，结果12.5号就显示已使用了，咨询客服也不理我，第一次****遇到这种事********,有用 （3）
4514,4514,比克雷土土哈,male,0,10,2018/7/4,width:20%;,往年都是允许宠物进入的，今年换了一些较真的女服务员，硬是拦着不让宠物进入。最后还硬推6000块的别墅让我们住才可以带宠物，明显是为了自己捞钱。让叫领导出来还不敢叫，也不请示上级。五星级的凯悦希尔顿都有宠物房间，这个园区就没有？如果今年改了政策，网上应该有提示啊。然而携程上也并没有任何提示不允许携带宠物。除了景色没有任何特色了。俄餐还是应该去天津上海吃，这个园区做的根本不正宗。若不是祖籍是哈尔滨的根本不会来这个地方餐馆,有用 （3）
4550,4550,代顿杨坚,female,0,0,2019/4/22,width:20%;,上个月区的伏尔加，玩滑梯时，孩子在那把腿卡折了，导致瘫痪，我是外地人我打电旅给旅游局，等了，俩月，告诉我不管，这么没有安全意识和保障的景点，披着华丽的外表，没有道德的企业，怎么做大的，大家千万别去了，去了出安全问题跟本不管你，欺压老白性，大家给评评理。,有用 （2）
4551,4551,_CFT01****5723812,male,0,0,2019/1/23,width:20%;,东北为啥发展不起来，就是这些工作人员太恶心了，我和三个同学在那滑雪总共花了八百多，然后在退押金的时候在旁边坐会儿，那工作人员就在旁边一直说这事消费区，不消费就去别的地方去坐，说了三四遍，太坑了，本来我同学过来玩，我带他们来看看雪景，现在也算让他们见识了。辣鸡，下次再也不介绍同学过来玩了,有用 （2）
4565,4565,皮耶罗的任意球,male,0,0,2018/5/4,width:20%;,感觉很棒，到处都是俄罗斯建筑，风景很美，是一次难忘的愉快出行，下次还会再来，很好,有用 （2）
4676,4676,放飞心情tn,female,0,0,2016/10/4,width:20%;,非常不好的景点，完全坑爹！都是人造的，路特远，后悔莫及！,有用 （2）
4690,4690,_zfb20****1098054,female,0,0,2014/4/15,width:20%;,"我在12号晚上下单，但是团购的活动自动选择使用时间为13日，因为一些原因，我13号下午申请取消订单，当时可以选择这一项，但是再到14号登录查看团购订单状态时，状态就变成了已成交，我没有去团购的景点游玩，压根没有使用过团购券的编码，而且我尚且能够选择取消订单，这种玩法有点坑人。
后面我在接到贵公司客服电话后才知道，我团购订单的时候，有个2014-4-13的时间，这处我是可以更改的，我在团购的时候一直以为是系统出状态，所以默认设置了，刚才我也试过了，确实可以更改时间，你们把这些关键点设置点白背景，且无任何提示，尽量让其模糊处理的方式实不可取。",有用 （2）
4708,4708,M33****7679,male,0,0,2019/8/6,width:20%;,垃圾地方！以后千万别去了太垃圾,有用 （1）
4731,4731,烟台王有福,male,0,0,2018/11/6,width:20%;,真的很无语的一次出行，携程平台提示9点20之前不能用，我准时9点20到景点，闸机依旧不能通过，联系客服，客服转售后，售后又让打400电话找代理商，代理商态度很不好的说按照最后一条短信时间入园，大冬天的在门口站了25分钟才入园，景区都没直达公交车，从市里倒两班公交后又打黑出租才到达景点。真心不推荐的景点。,有用 （1）
4755,4755,300****109,male,0,0,2018/5/5,width:20%;,"坑嗲加坑嗲又加坑嗲……
真坑嗲太坑嗲",有用 （1）
4756,4756,皮耶罗的任意球,male,0,0,2018/5/4,width:20%;,很好，感觉很棒，这是一次愉快的出行，对园内的建筑感觉十分的喜爱与好奇，下次还会来,有用 （1）
4784,4784,M24****0160,female,0,0,2017/12/15,width:20%;,说好的返现呢？说好的海参呢？以后再也不会相信了……,有用 （1）
4802,4802,M22****2154,female,0,0,2017/8/7,width:20%;,伏尔加庄园景色很美，空气很好，玩的很开心，介绍朋友来玩。,有用 （1）
4985,4985,M33****4704,female,0,0,2019/8/9,width:20%;,关闭园区为什么不在第一时间通知，我们打车快到了才通知,有用 （0）
4988,4988,_WeCh****00527,male,0,0,2019/8/7,width:20%;,发大水了，封闭一半，价格还是原价。除了教堂其他都不怎么样！！,有用 （0）
5044,5044,M21****62,female,0,0,2019/5/12,width:20%;,根本不是上面说的直接入园，进去服务中心被告知直接进去，到了入口被告知要去客服中心换票，我晕，什么业务素质,有用 （0）
5045,5045,caep2006,male,0,0,2019/5/12,width:20%;,垃圾景区，一点都不好玩，破破烂烂的没意思，浪费时间,有用 （0）
5061,5061,286****767,male,0,0,2019/4/16,width:20%;,谈不上感受  感觉上当了  还不如免费的公园呢,有用 （0）
5071,5071,M30****4853,female,0,0,2019/4/6,width:20%;,狗屁地方一个，不值得去。什么意思都没有，一个骗钱的地方。,有用 （0）
5077,5077,清香甚蓝,female,0,0,2019/4/2,width:20%;,不好玩，不值得去，踩雷了！！！,有用 （0）
5104,5104,M26****9493,male,0,0,2019/2/21,width:20%;,所有的冰上活动都没有了，为什么还开着园还要收门票,有用 （0）
6246,6246,M36****326,male,0,0,2016/4/20,width:20%;,太坑，60一张门票，里面什么花都没有，很多花都谢了，新的花又没开，美团上面也不讲明情况！到处一片狼藉！强烈被骗的感觉！,有用 （30）
6249,6249,m75****88,male,0,0,2016/8/7,width:20%;,千万不要夏天白天去，又热，景区里又没有个遮阴的。花都谢了，灯会也没有，新建设的景区，很多地方都没开发好，看起来一片荒凉，很多设施都没开，十块钱都不值，很失望。,有用 （23）
6258,6258,131****8008,male,0,0,2019/4/25,width:20%;,4月6号去金卉庄园，70岁老人不让进园(验过身份证已满70岁)。验票服务员不让进园，一个高个保安捡票人员要求买半票进园。这个理由应该不是景区规定。客服又是什么理由不让进园呢？难道这几位工作人员没有老人。难道优惠70岁以上老人的政策金卉庄园没有？省内省外没有碰见这样的景区。挣钱不挣钱！有意思嘛？我们不论理，直接走了！做什么行业都要按规矩才好，才有人气。,有用 （10）
6264,6264,迪蓝爸爸,male,0,0,2017/12/27,width:20%;,花了几十。这个里面实在是不知道玩啥。除了大就没有啥了 还不如去农村走走,有用 （7）
6341,6341,131****8008,male,0,0,2019/5/4,width:20%;,满70岁的老人都耍收半票。就差这几个小钱么？旡语！,有用 （1）
6352,6352,M26****7341,female,0,0,2018/3/12,width:20%;,不好玩，里面卖的东西超级贵。樱花和郁金香比广告上的差远了,有用 （1）
6438,6438,M36****6618,female,0,0,2019/10/8,width:20%;,景色宜人，现在正式花期，有机会还要来！,有用 （0）
6443,6443,M27****9648,female,0,0,2019/9/27,width:20%;,说是八点半来园，到时间工作人员还没到，天气热，我们等工作人员开入口验票闸道，工作人员态度不好,有用 （0）
6483,6483,M26****3526,female,0,0,2018/7/18,width:20%;,很不好玩，所有的都很一般，没特色,有用 （0）
6752,6752,大木盆,male,0,0,2019/10/31,width:20%;,即便是付费也没有列表中的电瓶车服务，收大门票的不在岗位上，躲在一边玩手机，酒庄大楼门口收门票的态度冷漠，一问三不知！下酒窖，上三楼。。。电梯不开，电梯永远都停在一层打不开门！到处都是冷冷清清的，没有什么人！非常不愉快的体验，上当受骗就此一回！,有用 （0）
6840,6840,210****760,female,0,0,2019/9/26,width:20%;,就是一个大公园………………不值这个价葡萄要单收费80一公斤,有用 （0）
6883,6883,波城柴绍,female,0,0,2019/8/6,width:20%;,不值得，还元，就是卖酒的而已，没啥可参观,有用 （0）
6887,6887,只喝可乐的猫^_^,female,0,0,2019/3/4,width:20%;,服务太差，看见一个男服务员正面跟游客冲突，还要跟游客动手,有用 （2）
6986,6986,wj****243,male,0,0,2019/4/14,width:20%;,农民自溜地，价格太贵，一点不值,有用 （0）
7009,7009,hax380448570,female,322,1,2019/5/8,width:20%;,没什么可看的、可参观的，园里葡萄刚发芽,有用 （0）
7030,7030,畅畅,female,0,0,2018/9/8,width:20%;,和想象中完全不一样，外表还行，里面破旧还脏，尤其没等走到厕所，就闻一股味。服务也差，酒也不好喝，品酒的地方也low到爆。能观赏的都不值得观赏，值得观赏的都锁上。给中国人丢脸，建一个法国城堡，却只有其表。,有用 （2）
7615,7615,junjun-mama,female,0,1,2016/9/18,width:20%;,酒窖很小，跟烟台的没法比。最可恶的是采摘园，我们一进门，知道看园大姐就说，葡萄已经快下架了。我们抱着侥幸心理往里走了三四排，只有零星招了虫子的葡萄。实在无语了。这是我经历的最糟糕的一次出游，没有之一！！！,有用 （0）
7818,7818,电灯,male,0,0,2014/8/20,width:20%;,买的288套餐，去了没什么人。套餐里制作个性化红酒不是想象的制作一瓶酒然后贴上照片纪念，而是自带照片直接贴在一瓶以制作好的酒瓶之上没有意义。礼仪讲解没有，问讲解在哪，告诉在四层但是电梯坏了很长时间没修好啦，爬到四层10：00讲解因为没有人服务人员不讲让自己看，后来说要投诉才讲了15分钟。30元的红酒就一口汗哪。下来后照片还没打好，打印机坏啦。等啦30分钟后实在是等不及啦让服务人员快递回家。很好的心情一下差得不行，想投诉打门票上的投诉电话居然告诉我们没有投诉电话汗。本来是想让孩子去感受一下葡萄酒文化，结果成了这样。顺便说一下，自制葡萄酒只有周六上午在采摘园单交158，嗨全是钱，但是服务没有达到收钱的标准。最后说一下景色还是不错的值得一看。,有用 （0）
7833,7833,斯拉夫拖雷,female,0,0,2014/6/7,width:20%;,到了景点以后才被告之第二天酒庄有发布会，工作人员在搭台子。城堡没法拍。销售建议我们改天再来拍一次~~~开玩笑呢！我们开了三个小时的车，带着摄影师化妆师过去，能说改期就改期吗？？景点是可以免费，影楼和车费谁来承担？后来要求退款也没有给退。携程给了20000积分打发人~~而且里面根本没有宣传的那么好，拍摄效果一点不好，而且说是有化妆间其实就是一个酒吧，连把椅子都没有，镜子也是没有边框的镜子面立在桌子上。没有换衣间。总之很失望。,有用 （0）
7942,7942,M22****5889,male,0,0,2017/5/30,width:20%;,千万不要去，坑人呢，还不如到农村看看，不需要门票。太亏了！,有用 （4）
7970,7970,M26****517,male,0,0,2016/10/4,width:20%;,太坑爹了，从烟台来栖霞，单程超过1个半小时，牟氏庄园1个小时就逛完了我这还是蹭了导游走的慢。实在是太失望了，太小了，比山西王家大院的一半还小，而且没什么气势，感觉就是几个连在一起的四合院而已。,有用 （3）
7979,7979,M28****2428,female,0,0,2018/8/21,width:20%;,不要去，浪费时间和金钱！除非你有钱有时间。,有用 （2）
7997,7997,139****3193,male,0,0,2017/10/3,width:20%;,没有想象中的好，很失望的一次旅行。,有用 （2）
8052,8052,高炜皓,male,0,1,2020/5/16,width:20%;,门卫***，搅屎棍子一个，说个话说不明白,有用 （1）
8061,8061,M31****1669,female,0,0,2019/8/20,width:20%;,不值，也就一个地主家的院子，门口收票的和保安很牛气，就像到了他家一样，一副暴发户的样子，很讨厌。,有用 （1）
8076,8076,chen****min,female,0,0,2018/10/29,width:20%;,最烂的庄园旅，没有之一。简直是浪费钱跟时间，来的必定后悔,有用 （1）
8186,8186,野渡横,male,0,0,2019/10/12,width:20%;,平淡平庸。,有用 （0）
8339,8339,jmj1001,male,0,0,2018/11/28,width:20%;,过去参观，1：结果庄园的通道都被开挖，铺设管道；2：各个房间都没灯，昏暗阴森，东西都看不清；3：各个点没有文字的介绍，说明。很多都需要完善，不然对不起门票价,有用 （0）
8362,8362,M40****737,male,0,0,2018/10/6,width:20%;,差评，买多了票竟然不能退，那我还不如原价买，太特么坑了，不但不好玩，还上一肚子火，大过节的，妹的，告诉身边的朋友，再不来携程了，规则太不合理了，几个人用几张门票就是了，白白让景点还是携程赚了门票去，呸呸呸，恶心！！,有用 （0）
8606,8606,_WeCh****625142,male,0,0,43268,width:20%;,服务员   我买五张票   我给240块钱 她给我5元钱  少110块钱    我一共花235块钱啊  不是一张25块钱吗  服务员黑心,有用 （4）
8607,8607,M27****6828,female,0,0,43268,width:20%;,景点售票水平太差，我问了两遍，我这一次买5张票，使用其中3张，剩下2张能不能退，她说能退，根本就退不了，太不专业,有用 （3）
8610,8610,M22****6616,female,0,0,42927,width:20%;,太坑了！里面都没啥玩的，什么都单项收费！差评,有用 （3）
8612,8612,M29****4082,female,0,0,43381,width:20%;,总体来说不值得去，还不如免费的公园好。给人的第一感观就是脏乱差，垃圾到处摆放，臭味难闻，设施陈旧，破烂不堪，而且毫无趣味性。票价还那么贵，这个地方肯定是没有资金投入，无人管理，白白浪费了那么大的占地面积。进去后你会感觉啥也没有，景色景色没有，娱乐项目娱乐项目没有，就有个骗人的百鸟园收费项目。里边倒是有卖菜的商贩挺多。,有用 （2）
8624,8624,M45****921,female,1,0,43326,width:20%;,这里一片荒凉，服务人员半死不活的，垃圾散发的臭味充满着整个公园，内部景点大半不开，有个百鸟园，养点鸡鸭鹅什么的，还要另外收费！整个景点商亭全都不开，人工湖水在太阳的暴晒下，泛着绿苔，苍蝇嗡嗡的，千万不要去，还不如免费公园呢！,有用 （1）
8627,8627,岗巴史万岁,female,1,1,43252,width:20%;,园区管理的很差，里面的人工湖就是一个丑水沟，里面有个鸟语林还收钱，我的门票钱花有点怨,有用 （1）
8649,8649,155****3972,female,0,0,43568,width:20%;,太次了，次到不想说！不会再去！,有用 （0）
8650,8650,M45****770,female,0,0,43400,width:20%;,一点都不好，失败！两人54都不值,有用 （0）
8657,8657,岗巴史万岁,female,1,1,43252,width:20%;,很差的一次体验，不建议去，要什么没什么，很尴尬的一次经历,有用 （0）
8663,8663,_WeCh****09179,male,0,0,43037,width:20%;,服务态度很差！不提高服务这种地方谁还会去！,有用 （0）
8702,8702,M37****798,male,0,0,42495,width:20%;,景点比寿光的农业园小多了，主要是景区内工作人员素质太差，我朋友不小心把一个泡沫架碰坏了，说需要六千元，最后报警交了一百元钱才让走，真是网上说的这地方少来！,有用 （70）
8703,8703,awei730205,male,2,944,42988,width:20%;,给上小学的女儿在携程订的学生票，写明全日制学生适用，结果到现场说只有大学生可以持学生证购买30元的学生票，我女儿小学四年级，10岁，但身高超过一米四了，必须购买60元的学生票！开的什么国际玩笑！大学生能买半价学生票，我10岁的小学生因身高超过1米4了，反倒要买成人票，制定规定的人脑子进水了！！没办法都来了，给孩子买了成人票。到检票口更过份的事发生了，我老母亲离70岁生日还差10天，居然不免票，一点不通融！太不人性化了！一点玩的心情都没有了！回售票厅大吵一架后退掉所有票！这是个什么奇葩景区，居然还4A，真没见过这种弱智景点！,有用 （57）
8716,8716,_CFT01****8471998,female,0,0,42815,width:20%;,本人过年期间去的时候园区有重复收门票的情况，问工作人员，工作人员还不承认。,有用 （11）
8717,8717,M25****973,male,0,0,43653,width:20%;,不知道是小地方开放意识较差的原因还是为了给地方财政增加收入的原因，超过一米四的三个十岁的小学生居然需要购买成人票，出示身份证一样表示不可以。给出的回复是学生半价优惠只有大学生可以享受，小学生、初中生不是学生吗？真是全国4A景区的奇葩，好想问问这个4A级如何评选出来的，“工作”做的真到位！！！,有用 （10）
8718,8718,M26****7480,female,0,0,43227,width:20%;,玩的挺高兴的，走的时候有点添堵，不知是哪个骚逼停的车,有用 （10）
8721,8721,139****9953,female,0,0,42491,width:20%;,"骗子，卖票的时候不说灯光节门票是单独收费的，进去再撵人。
",有用 （9）
8809,8809,M34****309,female,0,0,42464,width:20%;,去了很多都不开，环境还行，基本没什么可看的,有用 （2）
8826,8826,M28****5325,male,0,0,43566,width:20%;,着实不咋地 建议慎行和宣传的一点都不一样,有用 （1）
8846,8846,320****969,female,0,0,43941,width:20%;,真的不值得，就是有几个大棚，孩子们真的也是不感兴趣，主要是门票也贵，很失望。,有用 （0）
8940,8940,M23****6200,male,0,0,43799,width:20%;,几分钟就出来了，啥也没有，还是不要去，去过就后悔系列！,有用 （0）
8954,8954,205****297,female,0,0,43651,width:20%;,一塌糊涂什么都没得玩 进去十分钟出来了,有用 （0）
8962,8962,M10****395,male,0,0,43573,width:20%;,5个景点只能参观2个无语，叫我怎么评价,有用 （0）
9045,9045,65****321,male,0,0,42280,width:20%;,还是一个非常不错的放松休憩之处，地方也蛮大的。,有用 （0）
9179,9179,M44****177,male,0,0,42686,width:20%;,比预期差太多  尤其亲子园就几种动物  两只草泥马一只山羊几只兔子豚鼠  唯一优点空气还不错。。。。。。。。。。。。。。。。,有用 （0）
9261,9261,M23****1613,female,0,0,2018/11/25,width:20%;,11月18号就结束了，今天去吃了个闭门羹，等明年吧,有用 （0）
9459,9459,205****733,male,0,0,2016/9/21,width:20%;,"不怎么样，价格还贵。所有的花都是一种。
",有用 （6）
9469,9469,jane****m88,male,0,0,2016/1/10,width:20%;,因为去的时间不对，工作人员尽然无提醒还是让我们买票，结果里面连一些基本花草都没有,有用 （4）
9479,9479,_CFT01****1696753,female,0,0,2015/6/19,width:20%;,特别无聊，收费高，里面所谓的农业也就是花，还没有稀有品种全是花店里有的,有用 （3）
9483,9483,M23****0699,female,0,0,2018/8/5,width:20%;,实在太垃圾了，大家别上当受骗！,有用 （2）
9484,9484,minli22,female,0,0,2018/6/20,width:20%;,应该不会再去了，里面已经大变样了，以前孩子玩的滑梯、翘翘板之类的现在都要圈地收费，一圈一圈的收费加上本身就贵的门票，一趟下来起码500要花的,有用 （2）
9485,9485,冷子汐,male,0,0,2018/5/26,width:20%;,不值得，不好玩，票价太贵了，不值这个价钱,有用 （2）
9491,9491,M25****9211,female,0,0,2018/2/25,width:20%;,2月23号去的，给这个评价是因为被锁在动物园中间，最后还是爬出来的。呵呵，反正当时挺生气的，也没人过来看下里面还有没有人，不让进你也得立个牌子啊。,有用 （2）
9493,9493,M25****8934,female,2,0,2018/2/16,width:20%;,描述与事实不一样，描述说有成人票有包含12项游乐项目，可现场没有，要自己花钱买，而且基本都关闭,有用 （2）
9496,9496,_CFT0****7884,female,0,0,2017/8/17,width:20%;,没觉的有什么好玩的，风景也不好花都谢了很多地方都关着的，感觉来错地方了！！？？？,有用 （2）
9502,9502,_WeCh****03587,male,0,1,2019/6/11,width:20%;,不好玩，没有什么好玩的没有好看的,有用 （1）
9505,9505,M23****2878,female,0,0,2019/3/16,width:20%;,唯一的游乐项目彩虹滑梯，门票三十，别的任何娱乐设施都没有，比免费的公园还差。极度不推荐,有用 （1）
9506,9506,_WeCh****171654,female,0,0,2018/10/24,width:20%;,去过一次  门票60一点都不值,有用 （1）
9507,9507,liu****uang,female,0,0,2018/10/8,width:20%;,坑的要命，十一长假竟然要100门票，平时都是60，而且超过110儿童要80门票，平时也要60，里面玩的东西还要另收费,有用 （1）
9509,9509,_CFT0****0446,female,0,0,2018/8/17,width:20%;,花都没有  就插一些假花  里面什么都没有  一个荡秋千都要付费  蜡像馆热的要死  都是一些橡胶  臭死了  7d电影就是10分钟的射击游戏  去游戏厅就三个币的事  总之烂到爆  ,有用 （1）
9530,9530,平凡之星,female,0,0,2019/5/4,width:20%;,没几朵、一点也不好玩还门票、还不如普通的公园好,有用 （0）
9607,9607,M92****30,female,0,0,2016/11/19,width:20%;,一无所有，居然还收门票！一塌糊涂,有用 （4）
9621,9621,_WeCh****91092,male,0,0,2015/4/6,width:20%;,太让人失望了，可能去的季节不对，里面的花花草草大多都枯萎了，地方不大，没什么可看的,有用 （2）
9632,9632,_WeCh****52662,male,0,0,2018/10/2,width:20%;,什么都没有，还好意思收30元门票，据说在装修,有用 （0）
9633,9633,_WeCh****52662,male,0,0,2018/10/2,width:20%;,十一带小朋友去，景区说在装修，我们说既然你在装修就不要开门了，还要收30元门票，里面什么东西也没有，真是太差了，大家千万不要再上当了,有用 （0）
9636,9636,平昌郡棠雅,female,0,0,2018/4/6,width:20%;,很一般，就几个蔬菜大棚可以外面看看，不是团体预约根本不能采摘，不接待个人采摘蔬菜！人非常少根本没啥玩的，建议个人还是别去了完全不值得门票。还不如周围找个农家乐玩玩。,有用 （0）
9642,9642,cx****5,male,0,0,2017/4/29,width:20%;,没有明确的指路标，没有几个可以参观的棚开着，开着的棚也是没有什么多少品种的植物农作物可以参观，,有用 （0）
9697,9697,M26****151,male,0,0,2019/7/16,width:20%;,这是一个坑，小心了。。。。。。,有用 （0）
9723,9723,139****0911,female,0,0,2019/4/26,width:20%;,女儿学校去春游活动，工作人员态度奇差无比，居然让女孩子们在外面淋雨，都被冻哭了。言语也很难听，什么太娇气了，矫情的。不知道怎么管理的，不建议大家去，非常后悔让女儿参加活动。,有用 （34）
9724,9724,_CFT01****8452475,male,0,0,2019/6/5,width:20%;,其实一颗星都不想给 非周末去的景区里面连个工作人员都没有 商铺餐饮店全关门 还说里面的商铺不归他们管 滑草那里也没人 采摘都没熟不能摘 玩着一点意思都没有 十分钟出来了 发现网上竟然有一个人只要20的团购门票 我们几个人都是原价60买的 坑的要死  谁去坑谁 这么差的地方携程赶紧下架吧还是 已经不能称为景点了,有用 （10）
9733,9733,M40****014,male,9,0,2019/4/21,width:20%;,网上看没有说要门票来了说要买票小孩子也要60,有用 （3）
9812,9812,M26****3646,female,0,0,2020/5/30,width:20%;,什么水果也没有，都没熟，感觉被忽悠了，都不到时令体验不佳，,有用 （0）
9814,9814,M40****6591,female,0,0,2020/5/2,width:20%;,差评，非常非常差，什么都没得摘，还恶臭难闻,有用 （0）
9818,9818,M30****6675,male,0,0,2019/5/1,width:20%;,根本没水果摘，除了小番茄就是没成熟的李子，没成熟的番石榴和看不到影子的桑葚，还交了篮子押金兴冲冲的去摘结果白跑一趟，五一人也不算多都在说浪费钱白来了，不建议去，实话实说,有用 （0）
9819,9819,M30****6675,male,0,0,2019/5/1,width:20%;,空荡荡的都没人，水果也就剩下木瓜和火龙果了，特无聊还要门票不知道哪来的勇气,有用 （0）
9842,9842,M31****7254,female,0,0,2019/4/25,width:20%;,没有什么好玩的，也没有游客，不建议去,有用 （0）
64,64,聚英昌教练,male,2,1,2019/12/10,width:40%;,去过一次，和宣传的相去甚远，商业味道过浓，找不民族文化的味道。相比其它原生苗寨，恐怕此身只愿去一次。,有用 （0）
230,230,_WeCh****78074,female,0,0,2017/6/8,width:40%;,只能说我浪费钱浪费时间在这里了，根本没有啥好看的，怪不得本地人没有一个进去的，,有用 （1）
345,345,M53****064,female,0,0,2017/8/3,width:40%;,因为在西安看了长恨歌，给出极度震撼的感受，所以到了平遥，自然要看看又见平遥的演出。结果真的非常失望，现在处于旅游旺季，所以观众也比较多。尽管大部分时间，观众是作为路人甲路人乙，没有座位，但是票务方应该控制一下入场人数。非常可惜票务方因为一点眼前的蝇头小利，完全不考虑情景剧的实际演出效果，过量卖了太多太多的票，很多很多路人甲路人乙完全挤不到跟前，听不清演员的台词。到最后一个章节，最后居然有两百以上的观众没有座位。看完整个演出，我本人完全没有被带人情境。此外，演职人员使用面粉作为道具来抛洒，虽然意图是好的场景，但编剧和导演难道完全不管演员的健康吗?下来的小伙子们都在咳嗽，非常担心他们得尘肺，总之差评差评！,有用 （11）
376,376,_WeCh****60805,male,0,0,2018/4/9,width:40%;,演出不错，就是买票下单要看仔细了，人家这个订单是一个订单一桶醋，不是一张票一桶醋，我买了4张结果就一桶醋，古城随便10元就能买一大一小醋，感觉上当了,有用 （4）
385,385,118****730,male,0,0,2017/5/30,width:40%;,"这个渠道是黄牛！古城内到处都是two hundred/per ticket，不限量。这个渠道是黄牛！古城内到处都是two hundred/per ticket。这个渠道是黄牛！
古城内到处都是two hundred/per ticket。
重要的事情说三遍！",有用 （4）
430,430,_WeCh****214477,female,0,0,2018/9/23,width:40%;,1个半小时的演出，竟然没有安排座位，主办方怎么想的？基本上各个酒店客栈都会推荐，但各位打算来平遥古城旅游看演出的朋友可得仔细斟酌了。,有用 （2）
431,431,_WeCh****571300,female,0,0,2018/9/6,width:40%;,去拿门票的时候不是他们找我，而是我找他们，在古城里面绕啊，问人啊，大热天的走了好久才找到人家给的地址，不是一般的偏，令人痛苦。演出的确挺不错的，但是可能不太值这个价，有些偏贵。而且在古城走了那么久脚早就酸了，还要配合演员足足站了一个小时。那段选妻的确不错，都是美女，还有镖师洗澡的部分，挺感动，最后半个小时坐着观看总算能歇歇脚。总体还可以吧，不算满意。,有用 （2）
529,529,sup****21,male,0,0,2019/8/24,width:40%;,开始一个小时还有点带入感，比较新奇。后面半小时完全就是凑时间，根本没有什么看头。总结，不值当花这些钱去看这样的节目。千万不要入坑。,有用 （1）
541,541,M25****5116,female,0,0,2019/8/10,width:40%;,去一次就够！价钱太贵，没啥好看的，不推荐！,有用 （1）
549,549,raychou2000,male,0,0,2019/7/19,width:40%;,编剧的故事核心很封建！简直就是惊悚！恐怖的舞美设计！！,有用 （1）
575,575,182****5766,female,0,0,2019/2/13,width:40%;,又见平遥看了还想再看，值得一看！推荐！！不过购票体验不好，第三方的购票平台，服务态度差不能再差了。一瞬间怀疑自己不是消费者，是电话那边她的仆人，被要求来要求去！真心希望携程能够好好审核下第三方的资质，已经有几次第三方平台超差的体验了。,有用 （1）
598,598,320****529,male,0,0,2018/8/21,width:40%;,打了有10多个电话，耗费半个小时，临入场最后几分钟才拿到门票，服务很糟糕。,有用 （1）
660,660,无敌戰神,male,0,0,2017/8/25,width:40%;,这地方来一次，就只能当花钱买教训，什么破景点还60一张票，纯粹浪费RMB,有用 （3）
663,663,沈凌0德国波恩,male,20,1001,2017/8/9,width:40%;,太无聊了，两个现代化建筑，拍个照片就要门票55大洋,有用 （3）
685,685,沈凌0德国波恩,male,20,1001,2017/8/9,width:40%;,太无聊了。就是两个现代化建筑，需要买门票55？,有用 （2）
686,686,沈凌0德国波恩,male,20,1001,2017/8/9,width:40%;,太无聊啦，就个金顶可以照相，但是这样的建筑外观照相值得你下高速花五十大洋去看吗？我劝大家都别去！,有用 （2）
692,692,Ginangqh,female,2,0,2017/4/30,width:40%;,本来期待去的，花了75元从鼓楼打车过去，结果付了80园的入门费后发现博物馆在翻新完全关闭，中间的湖也还没修好... 有点失望。但是在临时搭建的博物馆介绍多了解的回族历史和文化，还好。回来因为没有出租车，花了1元和75分钟坐了302路线的公交车回银川.... 一大半天就这么过了。,有用 （2）
696,696,freewangyong,male,13,144,2017/3/16,width:40%;,大概是来的时候不对吧，里面都在施工，一眼看过去想泰姬陵的地方，水都抽干了，本来博物馆的地方也封掉了，好像要搞二期了，票面价格已经是八十了，网上价格53。,有用 （2）
700,700,抽抽卜卜,male,0,0,2017/1/16,width:40%;,现在只有两个馆开放，到处没人，不建议冬天来，最好五到十月来玩。,有用 （2）
720,720,M28****5736,female,0,0,2019/8/19,width:40%;,不建议去，太差了，白花钱 ，真心不值 ,有用 （1）
730,730,北京鹏爷,male,2,24,2018/8/14,width:40%;,说真的，我感觉是被骗了一样，所有建筑都是新建的，来访的友人寥寥无几，我去的时候只有一辆车的游客在这里游览，简单转了一圈就出来了，院子是很大，但趣味实在是不大，门票还要60元/人（宁夏所有景点60岁以上老人可凭有效证件免费参观），太坑了，这种地方去不去两可，即便去，去一回也就够了。,有用 （1）
732,732,wangj****8833,male,0,0,2018/5/26,width:40%;,兑换门票还是很方便，景点建筑规模很大，外观做的也很漂亮，但是博物馆的介绍做得很差，景区服务员很少，唯一值得看的就是金色大厅，性价比很差，景区没几个游客，来的都是旅游公司大巴带来的老年团，散客只有没几个人，景区的民宿房4间中3间不开放，唯一开放的一间也是以买宁夏特产为主。,有用 （1）
737,737,M11****130,female,0,0,2017/10/8,width:40%;,景区管理比较散乱，还在建设中，进门就被导入购物点，门口的免费照片是二寸，自主决定给洗一张8寸，可以选择加20元要，也可以放弃，但觉得自己的照片被别人不知道怎么处理，感觉怪怪的，所以选择了要。景区内的饭店可以进入，不明白为什么还要门票，60元看不到什么，纳家户大院就进院子绕一圈又进入购物点，总体感觉就是花了60块进门购物，不推荐。,有用 （1）
739,739,阎政,male,0,0,2017/10/7,width:40%;,內容比较空洞，一半地方未建成开放，商业氛围重，到处是卖东西的。总之，性价比低，没多大意思。,有用 （1）
741,741,300****107,male,0,0,2017/8/28,width:40%;,就2建筑收费50元，太不值了。,有用 （1）
742,742,M39****739,female,0,0,2017/8/2,width:40%;,就是看个金色大厅，其它的很没意思，最讨厌的是门口照相骗钱!  缺德!,有用 （1）
746,746,蓝海鱼,male,0,0,2017/6/20,width:40%;,徒有虚名，所谓表演等就是糊弄，还需改进。,有用 （1）
948,948,_WeCh****39693,male,2,0,2017/9/2,width:40%;,跟丽江古城的比差太多，也没人用，感觉很假，丽江古城那里还是上饮水，中洗菜，下洗衣，在古城里逛了几天，都看到有人在洗，束河三眼井很小，而且没人用的样子。图片是丽江古城的，束河的觉得没必要照。,有用 （0）
975,975,M12****109,female,0,0,2016/9/13,width:40%;,没什么看的，现在是这样，见下图，，，，，,有用 （0）
1020,1020,a1hanwen,female,0,0,2018/2/21,width:40%;,我们住的酒店在中华民族园附近，在酒店卧室窗户那里就可以看见民族园的景色，光秃秃的很多灰尘的样子，好像很久没人去过一样很破烂的样子,有用 （4）
1044,1044,M26****7501,female,0,0,2018/7/24,width:40%;,和内容相比，门票太贵，不值。。,有用 （2）
1271,1271,lm****80,female,0,0,2014/8/22,width:40%;,"?	2014年8月去的, 村子在山坳中很熱, 因暑假 整个景区塞滿了人, 河道及渡口都是船, 洶湧的遊客带來了大量的汙染, 門票是100大洋 , 含3次船及2次馬车, 超出搭乘:船費是6元一次 馬車是5元一次, 村里石路面鋪的不平, 拉行李箱的会很辛苦, 路边很多小販, 问玉米一支几元? 老婦人都会帶著笑臉很和气的告訴你一支5元, 买了五色飯(实际上是2到3色)約不到2/3飯碗的量5元一份, 一早看到他们拿外面成盤的鳮蛋煮, 买时问都说是土鳮蛋, 村里已通電信wifi, 也有山路通車, 看到一个小夥子挑了一大堆垃圾往山里走, 不知她会怎处理? 房子大都是水泥砖的, 问了一家要260一晚, 又问一家要100只有風扇住了, 白天到晚上房裡像烤炉, 只好跑去河边樹阴下躲,看看山看看雲及河中玩水的小童, (到傍晚連房都被訂光了), 晚上太熱只好把地面都撒滿水, 吃飯炒菜一荤一素 50元 肉量还不少, 晚上12奌多有降奌溫趕快睡, 第二天一早搭第一班船逃難似的離去, 到出口仍有大批的遊客等著购票进去, 一个景点因名气太大 , 湧入太多人, 百分百的商業化, 你要怪遊客还是怪村民? 他们三辈子都等不到这樣的赚銭机会 , 这兒是村民的世外桃源, 但这兒絕不是遊客的世外桃源.     想不通, 旅遊是这恙搞的嗎?",有用 （12）
1306,1306,286****427,male,0,0,2018/7/15,width:40%;,与传说中相差太远，景色一般，除非你没见过溶洞景区过度开发，建筑没有规划，遍地施工。出口服务更差，没有人告诉你是不是结束。还要自己找黑车返回停车场，还以为被抛在荒山野岭。,有用 （4）
1336,1336,_CFT0****7733,female,0,0,2018/8/23,width:40%;,景区联系电话打不通，建议更换电话，别放些没用的,有用 （2）
1359,1359,姚晓健,male,10,0,2017/8/15,width:40%;,景区脏乱差，门口停车场及出口面包车管理太差,有用 （2）
1393,1393,320****239,female,0,0,2018/12/6,width:40%;,此次云南之行最不满意的景点，景区在搞建设，水发黄浑浊，进去后不能走回头路，景区入口和出口距离很远，只能坐当地人的车，一人十元，座满六人发车，不然就要包车六十元，无语。,有用 （1）
1398,1398,_yt1****703,male,0,0,2018/5/26,width:40%;,名不副实，脏乱差，一次失望的旅行。,有用 （1）
1403,1403,202****301,male,0,0,2018/4/22,width:40%;,应该是个世外桃源般的景区，只可惜我到了以后就想着尽快离开，用脏乱差来形容一点也不过分，所谓的AAA景区，配套设施不到位，，到处在大兴土木，交通配套混乱，只有那辛苦赶马车的村民算是有那么点淳朴，看来这路还很长呀！这几年不建议去游玩，在家看图片一定胜过现场感受。,有用 （1）
1434,1434,_WeCh****92245,male,0,0,2015/5/4,width:40%;,哇， 赞美，好漂亮，去过挺不错，你们想知道到底好不好玩，是怎样美嚒？,有用 （1）
1437,1437,202****599,male,0,0,2014/10/4,width:40%;,水大，未能进入村里游玩，空欢喜一场。但下大雨不能入村的情况，景区未能及时通知相关酒店或公告！,有用 （1）
1728,1728,ThomasLuo,male,35,1030,2009/10/21,width:40%;,"我们10月10日刚去过，开车进去半个小时，就出来了，门票还要30元/人，实在是不值得。风景一般，靠着05年的媒体炒作，大肆圈钱。路途遥远，交通不便，民风不古。
真不知道这个所谓的“最美的村寨”第一名，是怎么评出来的？？？我们同行的人都说中国国家地理杂志的编辑们，一定是收了谁的什么好处。
我去过贵州黎平的肇兴侗寨，虽然排第六，但感觉比这个充满铜臭味的甲居藏寨，要古朴、自然、真实的多。而且自然风景也远在甲居之上。

点评甲居藏寨：不去以为自己会终身遗憾，进去后，才发现自己要遗憾终身！
",有用 （8）
1733,1733,M20****580,female,0,0,2015/10/5,width:40%;,景色没得说，藏式村寨很美丽。但是景区管理一塌糊涂，只知道收门票，毫无管理意识！！！通往甲居一村的单行道居然能让车子停下，严重耽误我们的行程，早上七点钟出发变成了十点才通行！景区警察的所谓24小时电话，一个关机，一个无人接听！所谓的景区管理经理也是躲在小屋子里不出来见人！,有用 （6）
1745,1745,天使的鼾声,male,6,91,2019/6/26,width:40%;,开发的不好的景点，还要收50元门票，基本没有停车费地方，里面都是客栈，路标也没有，不知道怎么玩好，就是一个花门票进入住店的地方。丹巴附近各种藏寨都不花钱，很后悔进了这里，房子大部分都是新的。,有用 （4）
1762,1762,无所谓ll,male,0,0,2018/6/6,width:40%;,"甲居藏寨，美！！！也！！！
！！！！！！餐饮也不错，！！！！！！！
！！！！！很有特色！！！！！！！！！！！！！！",有用 （2）
2141,2141,西纱月,male,0,0,2018/3/11,width:40%;,这索道和天门山索道比，简直差劲，价比性是完全没有的，又贵又短又没服务，工作人员低头玩手机，连提醒保护你上下都没有。人家天门山索道那么长，才100多，你一破黄石寨要110，关键是上去后啥也没有，就一六奇阁楼制高点算一比较有吸引力的景点吧，偏偏又年久失修关了，简直无语。其它什么天然壁画弥勒宫更是要啥没啥，只有个名字，骗人走全一个圈，明明如果真看景，小半圆就没什么能看的了，总之什么不到黄石寨枉到张家界，不觉行。大门票不包索道什么的很无良，但我单花钱上去看你倒是值得看也行，可惜，并没有,有用 （4）
2486,2486,myselffei,female,0,0,2015/9/28,width:40%;,不方便。工作人员根本搞不清，先在窗口说找不到订单让去办公室，办公室也说找不到，再打电话，反反复复的，最后又说拿身份证去窗口刷一下就好了，来来**让费了半小时,有用 （0）
2572,2572,爱登山-菲菲哥,male,7,109,2019/4/8,width:40%;,作为携程的白金会员，也算走过大江南北的人，可以很负责的给小伙伴说，这个景点真的很一般，性比价几乎没有，相比其他的地方，商业氛围更加浓郁，套路更多，标榜的民族风情，可以说基本没有！1：进门拦门酒然后逛街，喝茶卖茶叶，介绍银子参观银饰，就是一个商业街！2：所谓的导游阿妹，每一句话都是为销售银饰做准备，介绍文化为辅，销售银饰为主。3：整个所谓的景区全是卖东西的，给人的感觉就是大卖场，小伙伴自行揣摩！4：真心不懂国家旅游局所谓的三星景区是什么标准，有个民族聚地就是景区，全是卖东西的商场就是景区！？真心想给景区的管理者说一声，门票可以卖贵，但是要在硬件下功夫，全是一口标准的普通话的销售者敢说是本土特色？实在服了这样的景点！小伙伴们，请果断放弃！,有用 （23）
2583,2583,LY3V1,male,18,428,2019/4/25,width:40%;,古丈县是我著名歌唱家宋祖英的老家，当地的苗人对宋祖英都特别的尊敬和崇拜。据说是宋祖英给古丈县捐款建造了大大小小数十座学校。但是这个墨戎苗寨确实不咋地，远看景色还不错。到近处一瞧乱七八糟，所有的房子都没有一个整体的规划。到处垃圾遍地，臭气熏天。因为夏天的原因厕所的气味特别大。村子里转一圈，到处都是卖东西的。并且还带着各种套路，冒充残疾人，编造凄凄惨惨的故事，就是想推销给你东西。去的朋友可要意志坚定，坚决不买。这个地方请各位最好别去。,有用 （6）
2658,2658,兔子姐姐爱旅游,female,0,1001,2014/2/24,width:40%;,营城子民俗文化村，是一个代表性的村子，就是建设的比较好，保留着大连的民俗风气,有用 （5）
2769,2769,米蓝Lunar,female,0,0,2016/2/11,width:40%;,话说，自驾游来到门口了还是决定不去了，一看挺普通破败的，35的门票,有用 （0）
2964,2964,110****970,female,0,0,2017/8/19,width:40%;,沈万三后裔所建，七进五门楼，果然是富豪人家。,有用 （0）
3212,3212,鹿儿岛锦江湾,male,4,1,2019/2/6,width:40%;,"在淀山湖、阳澄湖范围的古镇太多了。实在没有什么值得点赞的。
要是说起哪些值得吐槽的，倒是可以唠叨一下：
我们的车子刚进入该辖区，便被来个“下马威——是该地政府发的短信。大致是禁止摩托车之类的内容。
试问：这是欢迎吗？群发这样的短信给外来游客，犯得着吗？这样群发，不要钱吗？要钱的话，是谁出呢？短信内容见照片。
另外，镇上有一个“碧波X”酒楼，靠着湖边，因为已是下午四点多了，本打算找个靠窗的位子早点儿吃个晚饭，可是还没踏入店门，只见一个穿着厨师衣服的老年人，用上海话对一个客户骂骂咧咧的，他骂那人是“瘪三”，没想到那人也是上海人——听得懂！指出他不能这样对待客人。那厨师依旧不依不饶！我们在旁边也不敢劝。后来想想，算了吧——戾气这么重的地方，还是早点儿离开吧！
景色再好，人文这么差，必是是非之地。惹不起，躲得起。走也！
一张下马威的短信——让我们受到了惊吓（万一发生什么，可能真的没有说理的地方）；
一张是“碧波X”酒楼，那厨师的腔调看上去就是“宰人的主儿”；
第三章张是“锦溪老虎”——壁画。本来可能有点讲究或者故事的，但是跟前两张照片联系起来一想，我们不是武松，这个虎狼之地，不宜久留。
三十六计 走为上计！
以后要绕着走！免得“自讨没趣”！犯不上！",有用 （8）
3266,3266,倾泠觞,female,0,0,2017/6/17,width:40%;,"有不少景点现在都在维修，无法开放
古镇是免费进入的，为了那五六个景点买票并不值",有用 （4）
3302,3302,e43****43,female,0,0,2017/3/12,width:40%;,"不用买票一样能进入游玩，买了票也就是小的景点基本没有什么意思，感觉像上当了，古镇没有什么特色，逛了不到一个小时就回去了，不推荐去游玩！！
",有用 （3）
3344,3344,namezyc,male,0,0,2018/3/11,width:40%;,古镇已不要门票，小景点的门票，基本找不到指示牌，20元4个景点平均5元一个景点门票，着实很坑,有用 （2）
3394,3394,yujun6338,male,0,0,2017/5/1,width:40%;,貌似如果不参观里面的一些纪念馆、博物馆的地方，根本不用买票，可以直接从门口乘船的小路进去。起初不知道，傻乎乎地买了门票，到出来的时候才恍然大悟，直叫后悔！其实里面那些什么馆压根儿没啥看头。古镇里面也就那样，商业味太浓了，若人少的时候找个茶馆儿喝喝茶还是挺悠闲的,有用 （2）
3406,3406,不如这样6,female,0,0,2017/4/23,width:40%;,古镇风景不错 就是没什么特别的地方,有用 （2）
3437,3437,西西唐,female,1,31,2016/8/29,width:40%;,古镇检票口就是整个古镇最精华的地方了，里面的小馆没什么意思，而且电风扇也没有，闷热的不行，湖中步道，当天也封闭不开，使得整个门票没有什么价值,有用 （2）
3503,3503,M68****71,female,0,0,2018/9/21,width:40%;,坑，主要是来看那座长桥，居然不开放，只能远观,有用 （1）
3518,3518,启启阳光,male,0,0,2018/5/10,width:40%;,去的时候，很多景点都在改建，比如文昌阁等，觉得票买的不值。,有用 （1）
3554,3554,chinawfan,male,0,0,2017/5/1,width:40%;,古镇那么小，还收门票，应该取消门票！,有用 （1）
3671,3671,61****527,female,0,0,2019/11/26,width:40%;,一直联系不上商家，几天了电话没有人接，在线分配失败。要开电子发票，还有什么方法可以解决,有用 （0）
3840,3840,SUKI0612,female,0,0,2019/5/29,width:40%;,景点不是很多！去了取票才知道，可以免费入的！无语,有用 （0）
3916,3916,M46****728,male,0,0,2019/2/11,width:40%;,感觉买门票吃亏了，只有馆藏需要门票，进古镇无需门票，而馆藏没啥意思,有用 （0）
3953,3953,西风品味,female,0,9,2017/2/7,width:40%;,这个景点不适合冬天去游览的，我们2月初从太原站对面坐901到榆次老城再转12才到常家庄园的，用了一个多小时才到，冬天的榆次老城周边空气差得不得了，雾霾严重，我们去时风很大，景点内参观的人寥寥无几，特显荒凉，门票也不便宜，我们还在售票处旁10元租了个电子讲解器匆匆进院，景区实际复完开放可参观的部分不多，傻瓜式的讲解器没什么介绍，每个开放景点也缺乏文字介绍，整个庄园冷风劲吹不容你多看一眼，一圈下来感觉就是一个影视基地，无实质好看和吸引的地方，特别是我们看过了王家大院后更觉无味，可能春夏季来树木葱葱相对会好些，但总的与我们在山西游过的景区对比，无性价比可言。,有用 （13）
4117,4117,M49****643,male,0,0,2017/5/11,width:40%;,一般般，感觉不太好，觉得不值得去,有用 （1）
4455,4455,原始森林,male,6,0,2017/5/19,width:40%;,景区创意很好，规划也不错，但是新的就是新的，缺少厚重感，如，建筑质量拙劣，材料低档，树木档次低，速生杨这么可以配得起这100元门票？门票是在抢钱，很多的世博园规模大档次高也不过50元门票而已，从可持续发展的角度看，这个景区不会有太长的寿命。,有用 （7）
4474,4474,下回游哪儿,male,44,1034,2019/4/25,width:40%;,伏尔加庄园是来哈尔滨游玩的游客喜欢的一个地方，其实，本地人很少去，因为，里面的东西都是复制的，或者微缩的，外地人来游玩会感觉很新奇，但如果走在中央大街上，你会发现，很多建筑比伏尔加里面的好的太多了。作为哈尔滨坐地户，去过两次都是陪朋友，里面走走，几个小时时间就可以了。,有用 （4）
4523,4523,288****508,male,101,471,2017/10/26,width:40%;,就是一私人建的俄式建筑，里面没有什么东西，拍照还可以。,有用 （3）
4547,4547,飘逸霞,female,0,0,2019/7/11,width:40%;,本来用电子票直接就可以入园，偏偏验证电子码不能进，又在等什么导游来才行，这么热的天等了十几分钟携程才派什么导游来了。导游来后就给我们推销表演票，船票，买的是高尔夫球票，她偏又说是小孩玩的，我们没法玩，只能去评酒，其实里面不大，什么电瓶车和船票都无须买,有用 （2）
4556,4556,M28****2970,female,0,0,2018/8/8,width:40%;,庄园景色秀丽，很美，但太过商业化，外面暴晒，看俄罗斯歌舞表演的的地方，有个咖啡吧，带孩子老人，坐了一会，等着看表演，结果，被撵了出来，说是消费区，必须消费，没办法，买了几根烤肠，结果，烤肠一点都不新鲜，明显就是昨天剩下的，真担心孩子被吃坏肚子！,有用 （2）
4567,4567,M15****367,male,0,0,2018/4/21,width:40%;,这个景点很坑爹。没啥看头，照片是骗人的。,有用 （2）
4608,4608,151****5833,female,0,0,2017/10/5,width:40%;,景色不好，没什么可玩的，城堡也有不让进的,有用 （2）
4720,4720,wx****11,male,0,0,2019/4/28,width:40%;,庄园很大，网上看别人拍的照片很有异国风情，但实际去了并不是这么回事，可能是季节原因吧，去的那天阴天，风特别大，拍出来的照片一股萧条感，没什么可看性，待了一个多小时就提前离开了。,有用 （1）
4791,4791,M19****306,female,0,0,2017/9/30,width:40%;,景区卫生环境差，到处垃圾，门票80太不值了,有用 （1）
4794,4794,M22****6861,male,0,0,2017/9/15,width:40%;,提前已经猜到没什么意思 就看看建筑溜达溜达 果然 只是不知为什么园区里全是小蜜虫 让人都睁不开眼睛了 骑自行车的时候 有一只飞到眼睛里了 没有小虫子的烦恼的话 溜达溜达 走走停停会挺舒服的 带的吃的都没拿出来 怕吃的时候落上虫子,有用 （1）
4921,4921,M83****10,female,0,0,2019/11/6,width:40%;,门票太贵，里面除了几栋正在维修的仿俄建筑，没啥东西看，不值85元门票,有用 （0）
6202,6202,M32****467,female,0,0,2019/8/26,width:40%;,看着通票上的项目还不少就去了，谁知道关键的项目都在维护中，温泉也没有找到，其余可以玩的项目那也能叫项目！杂草丛生，锈迹斑斑，破烂不堪，但有一点好，地广人稀，不用排队！,有用 （0）
6278,6278,_WeCh****47413,male,0,0,2017/2/11,width:40%;,无亮点，送的游玩票没有送，气愤！,有用 （4）
6293,6293,e10****34,female,0,0,2016/9/25,width:40%;,在网上订的票，挺高兴的。驾车1小时到了目的地，可进去一看，太让人失望了，整个园子没有整体规划，向日葵东倒西歪，一派杂锦，失败。,有用 （3）
6298,6298,M25****2986,female,0,0,2019/4/7,width:40%;,进景区需要二维码，然后网上的票只发了验证码没发二维码，不能快速进园，需要和散客一样排队换票。太阳下爆晒10多分钟一边排队一边等待处理方案，虽然最后二维码发过来了，但是商家未做任何解释，最后忽悠我，是我把二维码屏蔽了，呵呵，进园让人非常不爽，票是提前一天买的，不存在什么两个小时后。票包含的免费项目，工作人员居然不主动给卷，还得我自己提，要是自己不说就没有了，感觉略坑,有用 （2）
6315,6315,M27****170,female,0,0,2017/5/27,width:40%;,去时花差不多谢了，不好玩 ，树没长起来，太阳大嗮,有用 （2）
6340,6340,M25****9768,female,1,0,2019/6/2,width:40%;,没什么玩的，门票还贵，花也没多少，,有用 （1）
6416,6416,皮卡丘短路,female,0,0,2019/10/13,width:40%;,指示牌有母婴室却锁了，含的什么玩的船票也没给,有用 （0）
6507,6507,M26****7341,female,0,0,2018/3/12,width:40%;,性价比太低，里面的游玩设施不值这个票价。,有用 （0）
7111,7111,清风自来乔丹,male,0,0,2018/9/29,width:40%;,地方不大，可参观的地方也不多。人少没有人讲解，项目指导不清晰，灌酒和品尝都没去成。路程要走1公里以上。不推荐去。,有用 （1）
7150,7150,chen****elen,female,0,0,2018/6/26,width:40%;,当天去小镇根本没有开放，在整修，什么看的也没有，幸好只是路过，不是特意去。密云也挺远的，也不写清楚。,有用 （0）
7295,7295,M19****725,female,0,0,2018/2/16,width:40%;,为什么我总体评价比较低呢，可能是我去的时节不对，园里什么都没有，看上去一片荒凉，人也是少之又少。如果在每年的七月份到十月份去的话，景色应该是很美的，还可以采摘葡萄，自己亲自体验。主要是我们去的时候景色不太好，我们也没拍什么照片。冬季出去旅游的话最好选择最南边或者最北边，这样会比较好。,有用 （0）
7450,7450,133****3943,female,0,0,2017/10/21,width:40%;,啥也没有没什么可玩的，可能是去的季节不对。,有用 （0）
7603,7603,M25****939,male,0,0,2016/9/28,width:40%;,感觉确实没有太大的惊喜，不是太推荐去这个地方，没有什么可玩的，就只是一个酒庄，起一次也就可以了,有用 （0）
7691,7691,158****6598,male,0,0,2016/2/20,width:40%;,一般 随便走走 照相还行 门票价格没谱,有用 （0）
7767,7767,_WB1****4720,female,0,0,2015/7/6,width:40%;,团购了两张门票，因为别的原因没去成，退款退了一个多月就是退不下来，给酒庄的工作人员差评！！！,有用 （0）
7834,7834,yua****00,male,0,0,2014/6/3,width:40%;,"早就想去，终于抽出时间来了；一大片一大片的葡萄园，和预期的一致；葡萄苗比较小，主要用于采摘和观光，现在庄园的酒用的葡萄全部是外地运来的。
附加的项目是自灌酒体验，主要是想让孩子参与玩一下；谁知道人家以人多为借口，说没有组织，直接发了一小瓶！！！我稀罕你一小瓶破酒啊。。。。。。。。。。。。。要是知道这样，我一分钱都不想付啊。。。。。。。。。。。",有用 （0）
7857,7857,62****301,female,0,0,2014/3/1,width:40%;,空气还好，光秃秃啥没有，两个餐厅都不营业。,有用 （0）
7961,7961,320****672,male,0,0,2016/10/17,width:40%;,"一般，不值得去，门口听游客基本都不满意，也就值10元门票
门口乱糟糟，农村小集似的，一点不好",有用 （4）
8074,8074,_WeCh****933279,female,0,0,2019/3/4,width:40%;,破破烂烂，一点不好玩，门票贵，不值得去,有用 （1）
8084,8084,_WeCh****8250,male,0,0,2018/7/29,width:40%;,没有什么东西，是有古建筑的，没有说的那么大，有一部分成了办公部分。商业性太强了,有用 （1）
8109,8109,188****9062,male,0,0,2015/10/3,width:40%;,商业气息太浓重，显示不出这里当年的大气来！,有用 （1）
8111,8111,期望行走在路上,female,0,6,2014/2/17,width:40%;,名气很大，但是里面一般，都是一些古建筑，体验了一把封建社会地主的感觉。性价比不是很高。。,有用 （1）
8129,8129,M40****9316,female,0,0,2020/4/20,width:40%;,太虚宫道馆都不开门。里面什么也没有。被坑了,有用 （0）
8163,8163,四九城邓叁观,male,3,67,2019/11/9,width:40%;,城乡有差别吧,有用 （0）
8168,8168,M55****109,male,0,0,2019/11/3,width:40%;,门票不值。,有用 （0）
8466,8466,M51****915,female,0,0,2018/3/2,width:40%;,不是对历史特别有兴趣的和小孩还是不推荐去的。,有用 （0）
8652,8652,goodteatea,female,0,0,43359,width:40%;,我觉得这个地方该关门了。里面荒芜，设施老化，如果是进去采摘还可以。门票不值,有用 （0）
8658,8658,亡鱼的影子,female,0,0,43237,width:40%;,一般。啥都没有还刮大风地方还小。,有用 （0）
8785,8785,M54****065,male,0,0,42766,width:40%;,兰香东方馆门口工作人员及其没素质。顾客有问题只会大声吵架不会解决问题。很差劲的一次旅游。,有用 （3）
8787,8787,D10****106,female,0,0,42101,width:40%;,管理混乱，十分混乱。从排队买票开始，无窗口的明确说明介绍，导致很多人需要重复排队。园区内包车，驴车居然需要出园去大厅购票，这一规定真的是奇怪！！！！不能理解，不可思议。不明白政府提供了良好的支持（比如交警节假日在门前街道坚持工作），规划也算不错，却因为最基本最基础的服务管理生生拉低了档次！难道真要定位成城乡结合部么？？真浪费！,有用 （3）
8963,8963,hayden2016,male,0,0,43569,width:40%;,也许来的季节不对，不值的一看。,有用 （0）
9185,9185,dic****77,male,0,0,42657,width:40%;,六个景点除了农业馆以外，其他的观赏性真的就一般，而且有的馆内的植物、盆景都无人照料，枯枝散叶的，就是一个摆设充充数而已，百竹园内的竹子真是单调，有些竹子都苦了，都成竹竿了。月季园观赏性还算可以，但要走上一段路。还有就是吸引小朋友的亲子园，小朋友相对比较喜欢，里面的小动物也没有人来管理，周围的植物遭殃，小朋友拔绿叶植物喂羊驼，山羊，还有几只小豚猪，身上不知道感染了什么脱毛了，看了心酸。,有用 （0）
9227,9227,M55****221,male,7,2,2020/1/16,width:40%;,"美丽乡村，值得一游。下次再看看。能不能
【趣味】多一点点
【趣味】再增加些好玩的开心就好，
【性价比】相比较还是可以的哦⊙?⊙！。",有用 （0）
9277,9277,_WeCh****425790,female,0,0,2018/3/26,width:40%;,没有什么可看性，还有不少人没买票就到菊花园的，搞得我们这些买票的心里很不爽,有用 （0）
9470,9470,Panli,male,9,0,2015/6/20,width:40%;,人工种点花，一般大点的公园都能找到其中感觉，买这么贵门票去看一点不值。建议去马鞍池公园免费的。,有用 （4）
9471,9471,118****941,male,0,0,2015/3/29,width:40%;,一点意思都没有，去了太后悔，被骗的过去一样,有用 （4）
9475,9475,M25****7446,female,0,0,2018/3/4,width:40%;,里面去很多项目需要另外买票。。,有用 （3）
9482,9482,_WeCh****423567,female,0,0,2018/10/2,width:40%;,本着休闲游去的   听说环境不错   过去看了是真不咋滴吃的东西巨坑价格说变就变   就花田还可以看看一次性消费,有用 （2）
9529,9529,_WeCh****64996,male,0,0,2019/8/2,width:40%;,没啥玩的，和上传的视频差太远了，只有一小片地方和进来处吸引人，而且售票处服务也不好,有用 （0）
9730,9730,OKOKOKOKOK妈,female,0,0,2019/8/4,width:40%;,如果不是有卡，这个地方绝对不会来！,有用 （4）
9764,9764,M22****9544,female,0,0,2018/6/7,width:40%;,对于莘县来说是一张名片，其实就是超级大棚，里面整体设计有点古板，后期维护差，大部分植物重复出现多次，有点东拼西凑的感觉，而且还发现大量的塑料假植物，让人很反感，棚外没有相应的绿化，与里面格格不入。而且还收五十一张的门票，是想钱想疯了吗,有用 （7）
9813,9813,M32****5028,female,0,0,2020/5/28,width:40%;,和女朋友去的 非常棒 回来就分手了体验不佳，景色一般，性价比低，可玩性低，,有用 （0）
